$id,InternationSecIN,Symbol,PrevClose,OpenPrice,DaysHigh,DaysLow,Volume,Value,MarketCap,SharesOutstanding,Dividend,Yield,Sector,SubSector,CompanyName,MarketClassification,DateListed,DateOfIncorporation,Website,Logourl,StockPricePercChange,StockPriceChange,StockPriceCur,CompanyProfileSummary,NatureofBusiness,CompanyAddress,Telephone,Fax,Email,CompanySecretary,Auditor,Registrars,BoardOfDirectors,ID,HIGH52WK_PRICE,HIGH52WK_DATETIME,LOW52WK_PRICE,LOW52WK_DATETIME,Symbol2,LS_STD,OFFICIAL_OPEN,OFFICIAL_CLOSE,LastUploadInfo,QuaterID,QuaterYear,TotalAssetsUnderManagement,imgPath,Address,Cable,PAddress,Telex
1,NGABBEY00001,ABBEYBDS,8.95,8.95,,,240521.0,1985601.75,90876923078.3,10153846154.0,,,FINANCIAL SERVICES,"""Mortgage Carriers, Brokers an",ABBEY MORTGAGE BANK PLC,Main Board,,1991-08-26T00:00:00,www.abbeymortgagebankplc.com,www.abbeymortgagebankplc.com,0.0,0.0,8.95,,Primary Mortgage Bank (PMB),23 KARIMU KOTUN STREET VICTORIA ISLAND LAGOS,019035700,,enquiries@abbeymortgagebankplc.com,,,,,2,16.35,2026-02-09T00:00:00,5.0,2025-06-13T00:00:00,ABBEYBDS  ,",",,,,,,,,,,,
2,NGACADEMY008,ACADEMY,8.75,8.75,,,63621.0,515292.5,7938000000.0,907200000.0,,,SERVICES,Printing/Publishing,ACADEMY PRESS PLC.,Main Board,1965-06-15T00:00:00,1964-07-28T00:00:00,www.academypress-plc.com,www.academypress-plc.com,0.0,0.0,8.75,,"Offset Lithographic printing, Educational and Trade Books, confidential Printing, Full Colour Work","28/32 Industrial Avenue, Ilupeju Industrial Estate, Ilupeju - Lagos",08034035130,,applc@academypress-plc.com,,,,Oluwakemi Ogunnubi,4,9.38,2025-07-29T00:00:00,2.17,2025-04-07T00:00:00,ACADEMY  ,",",,,,,,,,,,,
3,NGACCESS0005,ACCESSCORP,26.0,26.0,27.0,25.95,232980471.0,6060332692.75,1413770707908.0,54375796458.0,,,FINANCIAL SERVICES,Other Financial Institutions,ACCESS HOLDINGS PLC,Premium Board,2022-03-28T00:00:00,2021-02-10T00:00:00,theaccesscorporation.com,theaccesscorporation.com,0.19,0.0,26.0,,PROVISION OF BANKING AND OTHER FINANCIAL SERVICES TO CORPORATE AND INDIVIDUAL CUSTOMERS ,"ACCESS TOWER, 14/15 PRINCE ALABA ONIRU STREET",234-01-46192649,,info@theaccesscorporation.com,Sunday Ekwochi,KPMG,Coronation Registrars Limited ,"Abubakar  Jimoh , Aigboje  Aig-Imoukhuede, Bolaji  Agbede , Fatimah  Bello-Ismail, Ibironke  Adeyemi, Innocent  Ike, Lanre Bamisebi, Ojinika  Olaghere , Olusegun  Ogbonnewo",5,28.95,2025-07-24T00:00:00,19.9,2025-11-11T00:00:00,ACCESSCORP [MRF] ,"[MRF],",26.0,,,,,,,,,,
4,NGAFRIPRUD04,AFRIPRUD,13.6,13.6,14.1,13.15,3665250.0,49665696.6,53400000000.0,4000000000.0,,,FINANCIAL SERVICES,Other Financial Institutions,AFRICA PRUDENTIAL PLC,Main Board,2013-11-01T00:00:00,2006-03-23T00:00:00,www.africaprudential.com,www.africaprudential.com,-1.84,-0.25,13.35,,Share Registration,"220B, IKORODU ROAD,PALMGROVE,LAGOS",07080606400,,cxc@africaprudential.com,Joseph Jibunoh,,,"UKOH VINCENT, Zubaida Rasheed",7,19.25,2026-02-25T00:00:00,13.15,2026-04-08T00:00:00,AFRIPRUD  ,",",,,,,,,,,,,
5,NGAFRINSURE4,AFRINSURE,0.2,0.2,,,,,4117000000.0,20585000000.0,,,FINANCIAL SERVICES,"""Insurance Carriers, Brokers a",AFRICAN ALLIANCE INSURANCE PLC,Main Board,2009-09-17T00:00:00,1960-05-06T00:00:00,www.africanallianceplc.com,www.africanallianceplc.com,0.0,0.0,0.2,,Life and Pension Businesses,"54, Awolowo Road, Ikoyi, Lagos",08066309476,,info@africanallianceplc.com,,,,,6,,,,,AFRINSURE [MRF] ,"[MRF],",,,,,,,,,,,
6,NGAFROMEDIA7,AFROMEDIA,0.24,0.24,,,,,1065371276.64,4439046986.0,2010.0,,SERVICES,Advertising,AFROMEDIA PLC,Main Board,2009-05-18T00:00:00,1959-10-28T00:00:00,www.afromediaplc.com,www.afromediaplc.com,0.0,0.0,0.24,,Out-of-Home Media Services,"39, LADIPO BATEYE STREET, GRA, IKEJA, LAGOS",07013486336,,info@afromediaplc.com,,,,"Kabiru Usman, Lateef Akande  Bakare, Olujide Shokunbi",8,,,,,AFROMEDIA [MRF] ,"[MRF],",,,,,,,,,,,
7,NGAIICO00006,AIICO,4.2,4.2,4.19,4.05,8448364.0,34815060.71,152644000974.21,36605276013.0,,,FINANCIAL SERVICES,"""Insurance Carriers, Brokers a",AIICO INSURANCE PLC.,Main Board,,1970-07-14T00:00:00,www.aiicoplc.com,www.aiicoplc.com,-0.71,-0.03,4.17,,Provision of Insurance Services to Individuals and Corproate clients and Investment,"AIICO Plaza, Plot PC 12, Churchgate Street, Victoria Island, Lagos",012792930,2348022921804-5,info@aiicoplc.com,,,,,9,5.11,2025-08-14T00:00:00,1.26,2025-04-08T00:00:00,AIICO  ,",",,,,,,,,,,,
8,GB00BKDRYJ47,AIRTELAFRI,2497.0,2497.0,,,18.0,49440.6,9384104305488.0,3758151504.0,,,ICT,Telecommunications Services,AIRTEL AFRICA PLC,Main Board,2019-07-09T00:00:00,2018-07-12T00:00:00,,,0.0,0.0,2497.0,,Telecommunication Services,,,,,,,,,1,2497.0,2026-03-24T00:00:00,2372.5,2025-05-27T00:00:00,AIRTELAFRI  ,",",,,,,,,,,,,
9,NGALEX000003,ALEX,10.55,10.55,,,90802.0,979903.9,2320535800.0,219956000.0,,,NATURAL RESOURCES,Metals,ALUMINIUM EXTRUSION IND. PLC.,Main Board,1987-12-29T00:00:00,1982-10-26T00:00:00,http://alexnigeria.com/,http://alexnigeria.com/,0.0,0.0,10.55,,Manufacturing and Sales of Extruded Aluminium Products and Roofing Shets,"Km 4, Atta-Amaimo Road, Inyishi, P.M.B. 1581, Owerri, Imo State",07059872478,,alex@alexnigeria.com,,,,,10,24.1,2026-01-05T00:00:00,7.15,2025-09-26T00:00:00,ALEX [MRF] ,"[MRF],",,,,,,,,,,,
10,NGARADEL0004,ARADEL,1265.0,1265.0,,,1020198.0,1228577734.9,5496228115400.0,4344844360.0,,,OIL AND GAS,Integrated Oil and Gas Service,ARADEL HOLDINGS PLC,Main Board,2024-10-14T00:00:00,1992-03-25T00:00:00,www.aradel.com,www.aradel.com,0.0,0.0,1265.0,,"Exploration, Production, and refining of Petroleum Product, and renewables","15 BABATUNDE JOSE STREET, VICTORIA ISLAND LAGOS",01234080567,0292005828J7Q6AI9H09,titiomisore@aradel.com,,,,,11,1340.0,2026-03-09T00:00:00,448.0,2025-04-28T00:00:00,ARADEL [MRF] ,"[MRF],",,,,,,,,,,,
11,NGABCTRANS01,ABCTRANS,6.24,6.24,,,564913.0,3477553.26,14929959869.76,2392621774.0,,,SERVICES,Road Transportation,ASSOCIATED BUS COMPANY PLC,Main Board,2006-12-20T00:00:00,1993-04-05T00:00:00,www.abctransport.com,www.abctransport.com,0.0,0.0,6.24,,TRANSPORTATION BY ROAD,"KM 5 UMUOBA URATTA, MCC ROAD OWERRI, IMO STATE",046660750,083-231275,info@abctransport.com,,,,,3,9.97,2026-02-18T00:00:00,1.26,2025-04-10T00:00:00,ABCTRANS  ,",",,,,,,,,,,,
12,NGAUSTINLAZ9,AUSTINLAZ,4.43,4.43,,,580064.0,2342407.98,4783779800.0,1079860000.0,,,INDUSTRIAL GOODS,Electronic and Electrical Prod,AUSTIN LAZ & COMPANY PLC,Main Board,,1982-07-13T00:00:00,,,0.0,0.0,4.43,,"Production, sales and marketing of ice block machines and coolers",,,,,Ifeanyi Ofor &amp; co,David Ugiagbe,First Registrar's,PAT UTOMI,12,5.94,2026-02-09T00:00:00,1.71,2025-04-30T00:00:00,AUSTINLAZ [RST] ,"[RST],",,,,,,,,,,,
13,NGAVAIF00001,AVAIF,1000000.0,1000000.0,,,,,4075000000.0,4075.0,,,CONSTRUCTION/REAL ESTATE,Infrastructure/Heavy Construct,AVA INFRASTRUCTURE FUND,Main Board,2014-09-15T00:00:00,2014-08-18T00:00:00,www.avacapitalgroup.com,www.avacapitalgroup.com,0.0,0.0,1000000.0,,,"1b, Professor Olagoke Olabisi Street Lekki, Lagos,",08039325007,,queen.nduka@avacapitalgroup.com,,,,,13,,,,,AVAIF  ,",",,,,,,,,,,,
14,NGGTASSURE05,MANSARD,15.9,15.9,15.0,15.0,483169.0,7379528.69,135000000000.0,9000000000.0,,,FINANCIAL SERVICES,"""Insurance Carriers, Brokers a",AXAMANSARD INSURANCE PLC,Main Board,2009-11-19T00:00:00,1989-06-23T00:00:00,www.axamansard.com,www.axamansard.com,-5.66,-0.9,15.0,,Life and Non-life Insurance,"Plot 1412, Ahmadu Bello Way, Victoria Island",012701560 ,,omowunmi.adewusi@axamansard.com,,,,,53,21.42,2025-08-14T00:00:00,7.5,2025-04-17T00:00:00,MANSARD  ,",",,,,,,,,,,,
15,NGBERGER0000,BERGER,75.9,75.9,,,41375.0,2835682.95,21997599627.3,289823447.0,,,INDUSTRIAL GOODS,Building Materials,BERGER PAINTS PLC,Main Board,,1959-09-01T00:00:00,www.bergerpaintsnig.com,www.bergerpaintsnig.com,0.0,0.0,75.9,,"Manufacturing of decorative, industrial automotive and marine paints, putty and allied products","102, Oba Akran Avenue, Ikeja Industrial Estate, Ikeja, Lagos",08102164586,,investors@bergerpaintnig.com; customercare@bergerpaintnig.com,"DLA Piper Africa, Nigeria (Olajide Oyewole LLP)",PKF Professional Services ,Meristem Registrars Limited,"Abi Ayida, Adekunle  Olowokande , Aisha Umar, Alaba  Fagun, Erejuwa Gbadebo, Ogechi Iheanacho",15,75.9,2026-03-23T00:00:00,19.6,2025-05-02T00:00:00,BERGER  ,",",,,,,,,,,,,
16,NGBETAGLAS04,BETAGLAS,498.5,498.5,,,578048.0,276708501.1,299083250400.0,599966400.0,,,INDUSTRIAL GOODS,Packaging/Containers,BETA GLASS PLC.,Main Board,1986-07-02T00:00:00,1974-06-02T00:00:00,www.frigoglass.com,www.frigoglass.com,0.0,0.0,498.5,,Manufacture and Sale of Glass Bottles and Glassware,"Iddo House, Iddo",23412806700,23412806701,info-nigeria@frigoglass.com,"DCSL Corporate Services Limited, Ms. Titi Talabi, Temidayo Olaofe Mrs",PricewaterhouseCoopers ,City Securities (Registrars) Limited.,,16,498.5,2026-02-18T00:00:00,109.8,2025-05-02T00:00:00,BETAGLAS  ,",",,,,,,,,,,,
17,NGBAPLC00002,BAPLC,6.25,6.25,,,,,62500000.0,10000000.0,,,ICT,Telecommunications Services,BRICLINKS AFRICA PLC,Growth Board,2021-02-05T00:00:00,2015-07-30T00:00:00,www.btel.com.ng,www.btel.com.ng,0.0,0.0,6.25,,Telecommunication Services,"77 Nelson Mandela Asokoro, Abuja.",+234(0)92922093,,connect@btel.com.ng,,,,Buhari  Mohammed ,14,,,,,BAPLC  ,",",,,,,,,,,,,
18,NGBUACEMENT3,BUACEMENT,326.7,326.7,,,161047.0,47640117.3,11063484471402.0,33864354060.0,,,INDUSTRIAL GOODS,Building Materials,BUA CEMENT PLC,Main Board,2020-01-09T00:00:00,2014-05-30T00:00:00,,,0.0,0.0,326.7,,Cement Manufacturing & Marketing,,,,,,,,,18,326.7,2026-03-17T00:00:00,83.7,2025-06-13T00:00:00,BUACEMENT  ,",",,,,,,,,,,,
19,NGBUAFOODS04,BUAFOODS,798.0,798.0,,,128739.0,98801451.0,14364000000000.0,18000000000.0,,,CONSUMER GOODS,Food Products,BUA FOODS PLC,Main Board,2022-01-05T00:00:00,2005-04-13T00:00:00,www.buafoodsplc.com,www.buafoodsplc.com,0.0,0.0,798.0,,"Manufacturing, processing, and distribution of food products","PC 32, Churchgate Street, Victoria Island, Lagos",234 1 461 0669,0292004753C7N5UD2H36,info@buafoodsplc.com,,,,,19,845.0,2026-02-17T00:00:00,432.1,2025-06-26T00:00:00,BUAFOODS  ,",",,,,,,,,,,,
20,NGCILEASING2,CILEASING,6.6,6.6,,,539575.0,3645918.35,19460607837.0,2948576945.0,,,SERVICES,Support and Logistics,C & I LEASING PLC.,Main Board,1997-12-01T00:00:00,1990-12-28T00:00:00,www.c-ileasing.com,www.c-ileasing.com,0.0,0.0,6.6,,Equipment Leasing/Rentals and Providing Ancillary Logistics Support Services to Companies,"Leasing House, 2 C & I Leasing Drive,Off Bisola Durosimi Etti Drive, Off Admiralty Way, Lekki Phase 1, Lagos",09062979243,0292002188G7K0UI6H93,info@c-ileasing.com,"MBANUGO UDENZE &amp; CO. Barristers, Solicitors &amp; Notary Public",Ernst &amp; Young,,"Florence Okoli, Oluyemi Abaolu-Johnson, Sadiq Adamu, Tom Achoda, Ugoji Ugoji",28,9.64,2025-07-14T00:00:00,3.16,2025-04-23T00:00:00,CILEASING [MRF] ,"[MRF],",,,,,,,,,,,
21,NGCADBURY001,CADBURY,75.25,75.25,72.0,72.0,1206207.0,84435690.3,164180492568.0,2280284619.0,,,CONSUMER GOODS,Food Products--Diversified,CADBURY NIGERIA PLC.,Main Board,,1965-01-09T00:00:00,www.cadburynigeria.com,www.cadburynigeria.com,-4.32,-3.25,72.0,,"Manufacturing and Marketing of Foods, Food Drinks, Confectionery and Domestic Products",LATEEF JAKANDE ROAD AGIDINGBI IKEJA,23412717777,,cadburynigeria@mdlz.com,,,,,20,75.25,2026-04-07T00:00:00,22.0,2025-04-17T00:00:00,CADBURY  ,",",,,,,,,,,,,
22,NGCAP0000009,CAP,99.8,99.8,,,339794.0,32129640.2,81311800500.0,814747500.0,,,INDUSTRIAL GOODS,Building Materials,CAP PLC,Main Board,1978-05-24T00:00:00,1965-09-21T00:00:00,https://www.capplc.com/,https://www.capplc.com/,0.0,0.0,99.8,,"Manufacture, marketing of paints and sales of fire estinguishing products","2, Adeniyi Jones Ikeja Lagos", 08159493070,,anwokediuko@capplc.com,"Aramide Nwokediuko, Ayomipo Wey, MRS ROSE HAMIS",KPMG Professional Services ,Africa Prudential Plc," Kayode Garrick , Awuneba Ajumogobia , David Wright , Muhibat Abbas , Udo Okonjo , Vitus Ezinwa",21,109.0,2026-02-12T00:00:00,40.0,2025-04-25T00:00:00,CAP  ,",",,,,,,,,,,,
23,NGCAVERTON07,CAVERTON,6.0,5.95,6.0,5.95,705714.0,4234463.55,20103058500.0,3350509750.0,,,SERVICES,Support and Logistics,CAVERTON OFFSHORE SUPPORT GRP PLC,Main Board,2014-02-06T00:00:00,2008-06-02T00:00:00,www.caverton-offshore.com,www.caverton-offshore.com,-0.83,0.0,6.0,,Marine & Aviation,"1 Prince Kayode Akingbade Close, Victoria Island, Lagos",23412705656,23414617645,info@caverton-offshore.com,,,,,22,8.98,2025-07-31T00:00:00,2.04,2025-04-08T00:00:00,CAVERTON [MRF] ,"[MRF],",5.95,,,,,,,,,,
24,NGCHAMPION00,CHAMPION,14.75,14.75,14.65,14.5,1137011.0,16651473.95,129745940434.0,8947995892.0,,,CONSUMER GOODS,Beverages--Brewers/Distillers,CHAMPION BREW. PLC.,Main Board,1983-09-01T00:00:00,1974-07-31T00:00:00,www. championbreweries.com,www. championbreweries.com,-1.69,-0.25,14.5,,"Brewing, Bottling and Selling of beer and non-alcoholic drinks","Industrial Layout, Aka Offot, Uyo, Akwa Ibom State, Nigeria.",080722909423,CHAMPION BREWERIES PLC,info@championbreweries.com,Tosan Atle Aiboni,Deloitte &amp; Touche,,"David Butler, Ehimare Idiahi, Imo-Abasi Jacob, Inalegwu  Adoga, Oladele Ajayi, Olufunminiyi Alabi, Rasheed Adebiyi, Samson Aigbedo, Shuaibu Ottan, Thompson  Owoka",23,21.49,2025-08-21T00:00:00,3.75,2025-04-07T00:00:00,CHAMPION  ,",",,,,,,,,,,,
25,NGCHAMS00001,CHAMS,3.38,3.38,3.65,3.05,47514291.0,154551922.56,27540000000.0,9000000000.0,,,ICT,Processing Systems,CHAMS HOLDING COMPANY PLC,Main Board,,1985-09-10T00:00:00,WWW.CHAMSPLC.COM,WWW.CHAMSPLC.COM,-9.47,-0.32,3.06,,Intelligent Business Solutions,"8 LOUIS SOLOMON CLOSE, VICTORIA ISLAND,LAGOS",2347389314,029200562G0K0C6A5A70,INFO@CHAMS.COM,,,,,24,5.45,2026-01-23T00:00:00,1.85,2025-04-08T00:00:00,CHAMS  ,",",3.38,,,,,,,,,,
26,NGCHDNIDF005,NIDF,126.0,126.0,,,176116.0,22297716.2,150778456542.0,1196654417.0,,,CONSTRUCTION/REAL ESTATE,Infrastructure/Heavy Construct,CHAPEL HILL DENHAM NIG. INFRAS DEBT FUND,Main Board,2023-10-05T00:00:00,2017-02-07T00:00:00,www.chapelhilldenham.com,www.chapelhilldenham.com,0.0,0.0,126.0,,Infrastructure Funding,"10, Bankole Oki Street, Ikoyi Lagos",0802 242 7744 ,,aoyeneyin@chapelhilldenham.com,,PricewaterhouseCoopers Limited (PWC),,,25,126.0,2026-03-05T00:00:00,113.0,2025-07-10T00:00:00,NIDF  ,",",,,,,,,,,,,
27,NGCHELLARAM5,CHELLARAM,13.2,13.2,,,20538.0,254060.7,9542610000.0,722925000.0,,,CONGLOMERATES,Diversified Industries,CHELLARAMS PLC.,Growth Board,1977-04-01T00:00:00,1947-08-13T00:00:00,www.chellaramsplc.com,www.chellaramsplc.com,0.0,0.0,13.2,,"Distributive Trade and Manufacturing, Assembly of Motorcycles, Tricycles and Bicycles, Manufacturing fo Real Milk and Packaging Materials, Large Scale Farming & Retail of Wears and Apparels and KFC Franchise","PLOT 110/114, OSHODI-APAPA EXPRESSWAY, ISOLO, LAGOS",017733838 ,012793737,info@chellaramsplc.com,,,,,27,16.25,2025-09-24T00:00:00,7.89,2025-04-22T00:00:00,CHELLARAM  ,",",,,,,,,,,,,
28,NGCONOIL0003,CONOIL,204.4,204.4,,,44549.0,8423350.4,141843812714.8,693952117.0,,,OIL AND GAS,Petroleum and Petroleum Produc,CONOIL PLC,Main Board,,1970-06-30T00:00:00,www.conoilplc.com,www.conoilplc.com,0.0,0.0,204.4,,Marketing of Refined Petroleum Products. Manufacturing and Marketing of Lubricants,38 / 39 Marina Lagos,019032991,,info@conoilplc.com,,,Meristem Registrars Limited,,31,298.1,2025-05-30T00:00:00,169.0,2026-01-08T00:00:00,CONOIL [MRF] ,"[MRF],",,,,,,,,,,,
29,NGCONHALLPL3,CONHALLPLC,4.53,4.53,4.8,4.56,1784854.0,8436968.13,52032000000.0,10840000000.0,,,FINANCIAL SERVICES,"""Insurance Carriers, Brokers a",CONSOLIDATED HALLMARK HOLDINGS PLC,Main Board,2023-11-27T00:00:00,1991-08-02T00:00:00,  www.chiplc.com,  www.chiplc.com,5.96,0.27,4.8,,Investments,"266, Ikorodu Road, Obanikoro Lagos",234 1 291 2543,,  info@chiplcc.com,,,,,30,6.19,2025-08-14T00:00:00,2.55,2025-04-08T00:00:00,CONHALLPLC  ,",",,,,,,,,,,,
30,NGCORNERST03,CORNERST,5.66,5.66,,,111931.0,617080.04,102821782823.5,18166392725.0,,,FINANCIAL SERVICES,"""Insurance Carriers, Brokers a",CORNERSTONE INSURANCE PLC,Main Board,,1991-07-26T00:00:00,www.cornerstone.com.ng,www.cornerstone.com.ng,0.0,0.0,5.66,,"General Business, Special Risks and Life and Pensions","21 Water Corporation Drive, Off Ligali Ayorinde Street, Victoria Island, Lagos",012806500,,enquiries@cornerstone.com.ng,,,,,32,9.37,2025-08-14T00:00:00,2.35,2025-04-22T00:00:00,CORNERST [MRF] ,"[MRF],",,,,,,,,,,,
31,NGCNIF000007,CNIF,110.0,110.0,,,1742.0,210682.0,9669000000.0,87900000.0,,,CONSTRUCTION/REAL ESTATE,Infrastructure/Heavy Construct,CORONATION INFRASTRUCTURE FUND,Main Board,2025-08-25T00:00:00,2025-04-09T00:00:00,www.coronation.com,www.coronation.com,0.0,0.0,110.0,,INFRASTRUCTURE FUNDING,"10 AMODU OJIKUTU STREET, VICTORIA ISLAND LAGOS",08065351993,,oidowu@coronation.com,,,,,29,110.0,2026-02-05T00:00:00,110.0,2026-02-05T00:00:00,CNIF  ,",",,,,,,,,,,,
32,NGWAPIC00004,WAPIC,2.89,2.89,2.97,2.88,1150543.0,3353795.39,71255288132.82,23991679506.0,,,FINANCIAL SERVICES,"""Insurance Carriers, Brokers a",CORONATION INSURANCE PLC,Main Board,1990-08-31T00:00:00,1958-03-14T00:00:00,www.coronationinsurance.com.ng,www.coronationinsurance.com.ng,2.77,0.08,2.97,,General Insurance Underwriter,"119, Awolowo Road, Ikoyi, Lagos ",07098821284,,"info@coronationinsurance,com.ng",,,,,149,4.91,2025-08-14T00:00:00,1.77,2025-04-08T00:00:00,WAPIC  ,",",,,,,,,,,,,
33,NGCUSTODYIN6,CUSTODIAN,73.0,73.0,,,464464.0,33339084.2,429376086235.0,5881864195.0,,,CONGLOMERATES,Diversified Industries,CUSTODIAN INVESTMENT PLC,Main Board,,1991-08-22T00:00:00,www.custodianplc.com.ng,www.custodianplc.com.ng,0.0,0.0,73.0,,"Investment Holding Company having interest in Life Insurance, General Insurance, Pensions, Trustees, Property and Financial Services","16A, COMMERCIAL AVENUE, SABO, YABA, LAGOS STATE, NIGERIA.",234012774000,,carecentre@custodianinsurance.com,,,,,33,81.9,2026-03-06T00:00:00,16.8,2025-04-16T00:00:00,CUSTODIAN  ,",",,,,,,,,,,,
34,NGCUTIX00002,CUTIX,3.25,3.25,3.25,3.01,5799657.0,18358891.02,21840393122.4,7045288104.0,,,INDUSTRIAL GOODS,Electronic and Electrical Prod,CUTIX PLC.,Main Board,1987-08-12T00:00:00,1982-11-04T00:00:00,www.cutixplc.com.ng,www.cutixplc.com.ng,-4.62,-0.15,3.1,,"Manufacturing and Marketing of Electrical , Automobile and Telecommunication Wires, Cables, and Related Products","17, Osita Onyejianya Street, Umuanuka, Otolo, Nnewi, Anambra State",07077676353,,secretariat@cutixplc.com.ng,,,,,34,5.1,2025-07-11T00:00:00,2.1,2025-04-11T00:00:00,CUTIX  ,",",,,,,,,,,,,
35,NGCWG0000002,CWG,19.2,19.2,21.05,19.9,1681512.0,34864237.85,53147594856.95,2524826359.0,,,ICT,IT Services,CWG PLC,Main Board,,1991-09-26T00:00:00,www.cwg-plc.com,www.cwg-plc.com,9.64,1.85,21.05,,IT Services (Information Technology Services),"Block 54, Plot 10, off Rufus Giwa Street, off Adebayo Doherty Road, Lekki Phase 1, Lagos",012706065,012705998,info@cwg-plc.com,,,,,35,25.25,2026-02-06T00:00:00,7.2,2025-04-23T00:00:00,CWG  ,",",,,,,,,,,,,
36,NGDAARCOMM01,DAARCOMM,1.72,1.72,1.65,1.55,16476727.0,25955189.78,13200000000.0,8000000000.0,,,SERVICES,Media/Entertainment,DAAR COMMUNICATIONS PLC,Main Board,,1988-08-31T00:00:00,,,-4.07,-0.07,1.65,,"Broadcasting, Multimedia and Allied Services",,,,,,,,,36,3.0,2026-02-13T00:00:00,0.54,2025-05-02T00:00:00,DAARCOMM  ,",",,1.65,,,,,,,,,
37,NGDANGCEM008,DANGCEM,810.0,810.0,,,642272.0,517959942.1,13667582993310.0,16873559251.0,,,INDUSTRIAL GOODS,Building Materials,DANGOTE CEMENT PLC,Premium Board,2010-10-26T00:00:00,1992-11-04T00:00:00,www.dangotecement.com,www.dangotecement.com,0.0,0.0,810.0,,Production and Sale of Cement,"Marble House, 1 Alfred Rewane Road, Ikoyi, Lagos State",+234 1 450 643,,customercare@dangote.com,"Edward Imoedemhe, Mahmud Kazaure",KPMG,,"Abdu Dantata , Aliko Dangote , Alvaro Poncioni Merian, Arvind Pathak, Berlina Moroole, Cherie  Blair (KC), Devakumar V. G. Edwin , Dorothy Ufot (SAN) , Douraid Zaghouani  , Emmanuel Ikazoboh , Ernest Ebi , Halima  Dangote , Olakunle Alake , Viswanathan Shankar  ",37,829.5,2026-02-24T00:00:00,425.0,2025-07-01T00:00:00,DANGCEM  ,",",,,,,,,,,,,
38,NGDANSUGAR02,DANGSUGAR,66.0,66.0,65.0,65.0,1652647.0,109027863.85,789547085665.0,12146878241.0,,,CONSUMER GOODS,Food Products,DANGOTE SUGAR REFINERY PLC,Main Board,2007-03-08T00:00:00,2005-01-04T00:00:00,,,-1.52,-1.0,65.0,,Refinery Raw Sugar into Edible Sugar and Sale of Refined Sugar,,,,,Temitope Hassan,,,,38,88.0,2026-02-16T00:00:00,31.1,2025-04-08T00:00:00,DANGSUGAR  ,",",,,,,,,,,,,
39,NGDEAPCAP009,DEAPCAP,5.99,5.99,5.5,5.4,1909645.0,10602098.58,8103564000.0,1500660000.0,,,FINANCIAL SERVICES,Other Financial Institutions,DEAP CAPITAL MANAGEMENT & TRUST PLC,Main Board,2007-12-17T00:00:00,2002-06-05T00:00:00,,,-9.85,-0.59,5.4,,"BANKING Company specialising in Funds Management, Capital Maket Operations, Financial Advisory Services Portfolio Management, Leasing and Issuing House Services",,,,,,,,,39,11.47,2026-01-30T00:00:00,0.81,2025-06-16T00:00:00,DEAPCAP [DWL] ,"[DWL],",,,,,,,,,,,
40,NGDUNLOP0005,DUNLOP,0.2,0.2,,,,,954533842.4,4772669212.0,,,CONSUMER GOODS,Automobiles/Auto Parts,DN TYRE & RUBBER PLC,Main Board,,1961-10-21T00:00:00,http://www.dntyreandrubberplc.com,http://www.dntyreandrubberplc.com,0.0,0.0,0.2,,Marketing of Automobile,"Plot 23 Oba Akran Avenue, Ikeja, Lagos",012715997,,info@dntyreandrubberplc.com,,,,,40,,,,,DUNLOP [DIP] ,"[DIP],",,,,,,,,,,,
41,NGETRANZ0005,ETRANZACT,20.5,20.5,,,555801.0,11812589.25,188599996228.0,9199999816.0,,,ICT,Processing Systems,E-TRANZACT INTERNATIONAL PLC,Main Board,2009-08-07T00:00:00,2003-05-07T00:00:00,www.etranzact.com,www.etranzact.com,0.0,0.0,20.5,,Remote real-time settlement of transactions using multi channel electronic payment system.,"4th & 5th Floor, Fortune Towers, 27/29, Adeyemo Alakija Street, Victoria Island, Lagos",017101060 ,,info-ng@etranzact.com,,,,,45,26.9,2026-02-13T00:00:00,5.4,2025-05-12T00:00:00,ETRANZACT  ,",",,,,,,,,,,,
42,TG0000000132,ETI,46.0,46.0,46.35,46.0,4833404.0,224648686.65,1091635542102.0,23731207437.0,0.0,,FINANCIAL SERVICES,Banking,ECOBANK TRANSNATIONAL INCORPORATED,Main Board,2006-09-11T00:00:00,1985-10-03T00:00:00,www.ecobank.com,www.ecobank.com,0.76,0.0,46.0,,Provision of Banking and Financial Services through its subsidiaries and affiliates,"2365,Boulevard du Mono ",+22822210303,+228 22 21 51 19,madicisse@ecobank.com,,,,"Dr. Georges Agyekum Nana Donkor , Mr Brian Kennedy , Mr David O’Sullivan , Mrs. Zanele Monnakgotla ",153,51.9,2026-02-06T00:00:00,23.5,2025-05-05T00:00:00,ETI [MRF] ,"[MRF],",,,,,,,,,,,
43,NGECOCORP009,EKOCORP,5.8,5.8,,,,,2891885266.4,498600908.0,,,HEALTHCARE,Healthcare Providers,EKOCORP PLC.,Main Board,,1991-10-09T00:00:00,www.ekohospitals.com,www.ekohospitals.com,0.0,0.0,5.8,,Healthcare Services,"31, MOBOLAJI BANK ANTHONY WAY, ",012716997 ,EKOCORP,info@ekocorp.org,,,,,41,,,,,EKOCORP [DIP] ,"[DIP],",,,,,,,,,,,
44,NGELLAHLAKE8,ELLAHLAKES,10.8,10.65,10.65,9.75,45001473.0,448135655.9,38581736780.0,3858173678.0,,,AGRICULTURE,Crop Production,ELLAH LAKES PLC.,Main Board,,1980-07-02T00:00:00,www.ellahlakes.com,www.ellahlakes.com,-7.41,-0.8,10.0,,Oil Palm and Cassava Plantations,"No. 10 Muritala Mohammed Way Benin City, Edo State",0,,info@ellahlakes.com,OAKE Legal    Rep:Kenechi Ezezika,Olabode Akande &amp; Co(Chartered Accountants) ,Cardinalstone Registrars,"Charles Anajemba, Chuka Mordi, Emmanuel  Jakpa, Enotie Ogbebor, Gbubemi Jakpa, Joe Attueyi, Kofo Majekodunmi, Maxwell Oko, Nnenna Onyewuchi, Osaro Oyegun",42,19.42,2025-08-14T00:00:00,2.9,2025-04-08T00:00:00,ELLAHLAKES  ,",",10.65,,,,,,,,,,
45,NGETERNAOIL1,ETERNA,34.9,34.9,,,334841.0,12264954.05,45514648180.3,1304144647.0,,,OIL AND GAS,Petroleum and Petroleum Produc,ETERNA PLC.,Main Board,,1989-01-13T00:00:00,www.eternaplc.com,www.eternaplc.com,0.0,0.0,34.9,,"Manufacturing and Marketing of Lubricanting Oils and petro-chemicals, sale of Fuels.",5a Oba Adeyinka Oyekan Avenue (Formerly Second Avenue) Ikoyi Lagos,23414605316,,investors@eternaplc.com,,,,"Anibor Kragha, Emmanuel Omuojine, Gabriel Ogbechie, Godrey Ogbechie, Nnamdi  Obiagwu, Okechukwu Omezi, Phoebean Ifeadi",44,51.2,2026-03-10T00:00:00,27.9,2025-09-25T00:00:00,ETERNA  ,",",,,,,,,,,,,
46,NGINTERLINK3,EUNISELL,169.95,169.95,,,10275.0,1583938.2,40227083593.95,236699521.0,,,SERVICES,Specialty,EUNISELL INTERLINKED PLC,Main Board,1993-11-13T00:00:00,1981-11-17T00:00:00,www.interlinkedplc.com,www.interlinkedplc.com,0.0,0.0,169.95,,"Developing, Manufacturing and Marketing of Polymeric, Metallic and Porcelain Products","50B, Oladipo Bateye Street, Ikeja GRA, Lagos.",2955585,+234(01)2955014,info@interlinkedplc.com,,,,,64,176.9,2026-01-12T00:00:00,11.8,2025-05-19T00:00:00,EUNISELL  ,",",,,,,,,,,,,
47,NGFCMB000005,FCMB,12.0,12.0,12.4,11.6,11321595.0,133935348.3,794752848951.7,65954593274.0,,,FINANCIAL SERVICES,Other Financial Institutions,FCMB GROUP PLC.,Main Board,2013-06-21T00:00:00,2012-11-20T00:00:00,www.fcmb.com,www.fcmb.com,0.42,0.05,12.05,,Provision of banking and other financial services to corporate and individual customers,"44 MARINA, LAGOS, NIGERIA",234014612610,234012713552,fcmbgroupplc@fcmb.com,Olufunmilayo Adedibu (Mrs),Deloitte &amp; Touche Nigeria,,"MR. GBOLAHAN JOSHUA, MR. OLUFEMI BADEJI , MRS. 'TOKUNBOH ISHMAEL , MRS. OLAPEJU SOFOWORA , MS. MUIBAT IJAIYA, OLADIPUPO JADESIMI ",47,14.5,2026-02-25T00:00:00,8.4,2025-04-17T00:00:00,FCMB [MRF] ,"[MRF],",,,,,,,,,,,
48,NGFIDELITYB5,FIDELITYBK,19.2,19.2,19.95,19.1,113081773.0,2174262929.75,1001490000000.0,50200000000.0,,,FINANCIAL SERVICES,Banking,FIDELITY BANK PLC,Main Board,2005-05-17T00:00:00,1987-11-19T00:00:00,www.fidelitybank.ng,www.fidelitybank.ng,3.91,0.75,19.95,,Commercial Banking ,"2 Kofo Abayomi Street, Victoria Island, Lagos State",2700530 ,,true.serve@fidelitybank.ng,Mrs. Ezinwa Unuigboje,,First Registrars Nigeria Limited,"Abdullahi   Mohammed, Abolore Solebo, AMAKA ONWUGHALU, CHINEDU OKEKE, DR. KEN OPARA, HENRY  OBIH, KEVIN UGWUOKE, MOROHUNKE BAMMEKE, MUSTAFA CHIKE-OBI, NELSON NWEKE, Obiaku Okam, PAMELA  SHODIPO, STANLEY  AMUCHIE, Sufiyanu Garba",48,22.45,2025-07-17T00:00:00,17.1,2025-11-10T00:00:00,FIDELITYBK [MRF] ,"[MRF],",,,,,,,,,,,
49,NGFIDSON0006,FIDSON,100.0,100.0,,,813657.0,74520336.7,240000000000.0,2400000000.0,,,HEALTHCARE,Pharmaceuticals,FIDSON HEALTHCARE PLC,Main Board,2008-04-06T00:00:00,1995-03-13T00:00:00,www.fidson.com,www.fidson.com,0.0,0.0,100.0,,Manufacturing and Distributin of Pharmaceutical Products,"268, Ikorodu Road, Obanikoro, Lagos",013429106013429102,,info@fidson.com,,,,"EKWUNIFE OKOLI, OLA IJIMAKIN, VINCENT AHONKHAI",49,105.35,2026-03-12T00:00:00,17.55,2025-04-08T00:00:00,FIDSON  ,",",,,,,,,,,,,
50,NGFBNH000009,FIRSTHOLDCO,54.55,54.55,52.55,51.05,4778185.0,249055779.3,2300478619632.75,44453693133.0,,,FINANCIAL SERVICES,Other Financial Institutions,FIRST HOLDCO PLC,Premium Board,2012-11-26T00:00:00,2012-08-13T00:00:00,http://www.first-holdco.com,http://www.first-holdco.com,-5.13,-2.8,51.75,,Provision of Banking and Other Financial Services to corporate and Individual customers,"11th Floor, Samuel Asabia House, 35 Marina, Lagos", 019052000,,firstholdcohelpdesk@first-holdco.com,Mrs Abiola Baruwa,KPMG Professional Services,,"Adebowale Oyedeji, Alimi Abdul-Razaq, Dosekun Kofoworola, Dr. Abiodun Fatade, Femi Otedola, Julius Owotuga, Sir Peter Aliogo",46,57.0,2026-02-24T00:00:00,23.55,2025-04-07T00:00:00,FIRSTHOLDCO [MRF] ,"[MRF],",,,,,,,,,,,
51,NGSTDINSURE7,FTGINSURE,1.31,1.31,1.44,1.18,15432836.0,19880827.14,15235016091.48,12911030586.0,,,FINANCIAL SERVICES,"""Insurance Carriers, Brokers a",FORTIS GLOBAL INSURANCE PLC,Main Board,2003-12-19T00:00:00,1981-07-28T00:00:00,www.fortisglobalinsurance.com,www.fortisglobalinsurance.com,-9.92,-0.13,1.18,,Composite (Life & Non-Life Insurance Businesses),"Plot 20 C, Akin Ogunlewe Street, Victoria Island, Lagos",07085497817,,hello@fortisglobalinsurance.com,,,First Registrars &amp; Investor Services Limited,,121,1.63,2026-03-09T00:00:00,0.22,2026-02-04T00:00:00,FTGINSURE [DWL] ,"[DWL],",,,,,,,,,,,
52,NGFTNCOCOA02,FTNCOCOA,5.33,5.33,4.99,4.99,1475445.0,7434759.6,19461000000.0,3900000000.0,,,AGRICULTURE,Crop Production,FTN COCOA PROCESSORS PLC,Main Board,,1991-08-26T00:00:00,www.ftncocoa.com.ng,www.ftncocoa.com.ng,-6.38,-0.34,4.99,,Processing of Cocoa Beans and Palm Kernel,"NO. 21, EMMANUEL KESHI STREET, BYE OLADIPO SESSI BUS STOP,MAGODO G.R.A., LAGOS",2348033084078,,info@ftncocoa.com.ng,,,,,50,8.25,2025-07-14T00:00:00,1.59,2025-04-08T00:00:00,FTNCOCOA [RST] ,"[RST],",,,,,,,,,,,
53,NGGEREGU0000,GEREGU,1141.5,1141.5,,,7103.0,7297622.2,2853750000000.0,2500000000.0,,,UTILITIES,Electric Power Generation,GEREGU POWER PLC,Main Board,2022-10-05T00:00:00,2006-11-10T00:00:00,www.geregupowerplc.com,www.geregupowerplc.com,0.0,0.0,1141.5,,Power Generation ,"6, Onega Street, Off Gana Street, Maitama, Abuja.",+234 812 2329824,GEREGU,info@geregupowerplc.com,"Akinleye Olagbende, The StructureHQ",PriceWaterhouseCoopers PWC,,"Akin  Akinfemiwa, Andrew Gamble, Anil Dua, Christopher  Adeyemi, Doron  Grupper, Femi  Otedola, CON, Julius Babatunde Owotuga, olawunmi Otedola, Paul Gbededo",51,,,,,GEREGU  ,",",,,,,,,,,,,
54,NGGOLDBREW01,GOLDBREW,7.1,7.1,,,,,7275142800.0,1024668000.0,,,CONSUMER GOODS,Beverages--Brewers/Distillers,GOLDEN GUINEA BREW. PLC.,Main Board,,1962-09-26T00:00:00,,,0.0,0.0,7.1,,"Brewing, Bottling and Marketing of Beer, Stout and Malt Drinks",,,,,,,,,52,,,,,GOLDBREW [BMF] ,"[BMF],",,,,,,,,,,,
55,NGVANLEER005,VANLEER,5.45,5.45,,,,,232388000.0,42640000.0,,,INDUSTRIAL GOODS,Packaging/Containers,GREIF NIGERIA PLC,Main Board,,1940-01-20T00:00:00,www.greif.com,www.greif.com,0.0,0.0,5.45,,Manufacturing and Marketing of Metal Drums Containers,"2nd Floor, Plot 5, Chief Yesuf Abiodun Street, Oniru Road, Victoria Island, Lagos",012809354,12121765,info.greifnigplc@gmail.com,,,,,144,,,,,VANLEER [DIP] ,"[DIP],",,,,,,,,,,,
56,NGGTCO000002,GTCO,125.0,125.0,135.0,125.0,43268311.0,5614362400.5,4714979607306.0,36550229514.0,,,FINANCIAL SERVICES,Banking,GUARANTY TRUST HOLDING COMPANY PLC,Main Board,2021-06-24T00:00:00,2020-07-24T00:00:00,,,3.2,4.0,129.0,,FINANCIAL HOLDING COMPANY,"PLOT 635 AKIN ADESOLA STREET,  VICTORIA ISLAND LAGOS",234 1 4480757 ,,erhi.obebeduo@gtbank.com,,,,,54,135.0,2026-04-08T00:00:00,56.95,2025-04-16T00:00:00,GTCO  ,",",125.0,129.0,,,,,,,,,
57,NGGUINEAINS0,GUINEAINS,1.1,1.1,1.18,1.05,4586316.0,5086457.58,8339940000.0,7942800000.0,,,FINANCIAL SERVICES,"""Insurance Carriers, Brokers a",GUINEA INSURANCE PLC.,Main Board,,1958-12-03T00:00:00,,,-4.55,-0.05,1.05,,Insurance: Special Risks and General Insurance Business ,,,,,CHINENYE NWANKWO,BDO PROFESSIONAL SERVICES,Cardinal Stone (Registrars) Limited ,"Ademola Abidogun, Anthony Achebe, Bolaji Simon, Chidoka Osita, Emeka Uzoukwu, Godson Ugochukwu, Hassan Dantata, Isioma Omoshie-Okokuku, Mohammed Attahir, Oluwole Fayemi, Pius Edobor, Samuel Onukwue",55,1.87,2025-08-20T00:00:00,0.57,2025-04-16T00:00:00,GUINEAINS  ,",",,,,,,,,,,,
58,NGGUINNESS07,GUINNESS,423.2,423.2,,,300735.0,114957860.9,926970009000.8,2190382819.0,,,CONSUMER GOODS,Beverages--Brewers/Distillers,GUINNESS NIG PLC,Main Board,1965-01-02T00:00:00,1950-04-29T00:00:00,www.guinness-nigeria.com,www.guinness-nigeria.com,0.0,0.0,423.2,,"Brewing, packaging, marketing & selling of stout, malta guinness, larger, International Premium spirit and Mainstream Spirit (TBA)",24 OBA AKRAN AVENUE IKEJA LAGOS,23412709100,23412709338,Abimbola.Ajibola-Jimoh@guinnessng.com,Abidemi Ademola,PRICEWATERHOUSECOOPERS,VERITAS REGISTRARS LIMITED,"Bola Adesola, Deepak Singhal, Fabian Ajogwu, SAN (Dr.), Girish Sharma, Harkishin Aswani, John Musunga, Mayank Kabra, Olusola Oworu, Vivien Shobo",56,423.2,2026-03-18T00:00:00,85.0,2025-05-19T00:00:00,GUINNESS  ,",",,,,,,,,,,,
59,NGHMCALL0004,HMCALL,3.9,3.9,3.8,3.65,510130.0,1905908.98,11395300000.0,3122000000.0,,,CONSTRUCTION/REAL ESTATE,Real Estate Development,HALDANE MCCALL PLC,Main Board,2024-11-20T00:00:00,2012-03-26T00:00:00,www.hmkplc.com,www.hmkplc.com,-6.41,-0.25,3.65,,Real Estate and Hospitality,"4, Etsoye Close off Olaperi Street, Shonibare Estate, Maryland, Ikeja, Lagos, Nigeria.",08077245447,0292005967K5U7I4H585,info@hmkplc.com,Oyewole Olurin,Funsho Owoyemi &amp; Company,,"Abiola Elugbaju, Bidwell  Onyeakosi, Dapo  Adekoje, David Emuloh, Ebby  Akala, Edward Akinlade, George  Oguntade, HRM Nosirudeen Babatunde  Akanbi, Olajumoke Oluwagbemiro, Oyewole Olurin, Prince Samuel Gboyega OYEBOLA, Princess Ifeoluwaseyi  Adesola, Shola  Ojunde, Tobenna  Nnamani",57,5.22,2025-04-09T00:00:00,3.61,2025-11-11T00:00:00,HMCALL  ,",",,,,,,,,,,,
60,NGHONYFLOUR7,HONYFLOUR,20.8,20.8,20.8,20.8,1151429.0,23406177.85,164948111286.4,7930197658.0,,,CONSUMER GOODS,Food Products,HONEYWELL FLOUR MILL PLC,Main Board,2009-10-20T00:00:00,1985-07-09T00:00:00,www.honeywellflour.com,www.honeywellflour.com,0.0,0.0,20.8,,"Manufacturing and Marketing of wheat based products including flour, semolina, whole wheat meal, noodles and pasta","2nd GATE BYE-PASS, TIN CAN ISLAND, APAPA, LAGOS",09088328458,,info@honeywellflour.com,,,,,58,30.2,2025-07-11T00:00:00,9.18,2025-04-08T00:00:00,HONYFLOUR  ,",",,,,,,,,,,,
61,NGIKEJAHOTL7,IKEJAHOTEL,39.0,39.0,,,72338.0,2539243.8,84332345253.0,2162367827.0,,,SERVICES,Hotels/Lodging,IKEJA HOTEL PLC,Main Board,2007-09-06T00:00:00,1972-11-18T00:00:00,www.ikejahotelplc.com,www.ikejahotelplc.com,0.0,0.0,39.0,,Operation of Hotel and Provision of Catering,"84, Opebi Road, Ikeja, Lagos",012701060,,info@ikehotelplc.com,,,,"Mr. Toke Alex-Ibru , Mrs. Fadeke Olugbemi ",59,44.9,2026-01-02T00:00:00,10.0,2025-04-09T00:00:00,IKEJAHOTEL  ,",",,,,,,,,,,,
62,NGBOCGAS0008,IMG,36.0,36.0,,,7314.0,246920.4,24520134960.0,681114860.0,,,NATURAL RESOURCES,Chemicals,INDUSTRIAL & MEDICAL GASES NIGERIA PLC,Main Board,,1959-12-11T00:00:00,,,0.0,0.0,36.0,,Manufacture of Industrial and Medical Gases well as Marketing of Special Gass Welding and Medical Equipment,,,,,,,,,17,42.45,2025-07-18T00:00:00,29.09,2025-05-13T00:00:00,IMG  ,",",,,,,,,,,,,
63,NGINFINITY01,INFINITY,19.0,19.0,,,30225.0,631702.5,79238468680.0,4170445720.0,,,FINANCIAL SERVICES,"""Mortgage Carriers, Brokers an",INFINITY TRUST MORTGAGE BANK PLC,Main Board,2013-12-11T00:00:00,2002-11-28T00:00:00,www.infinitytrustmortgagebank.com,www.infinitytrustmortgagebank.com,0.0,0.0,19.0,,Mortgage Financing,11 Kaura Namoda Street  Off Faskari Crescent Area 3 Abuja,09087121716,09087121716,info@itmplc.com,,,,,60,19.0,2026-02-24T00:00:00,7.0,2025-06-03T00:00:00,INFINITY [BLS] ,"[BLS],",,,,,,,,,,,
64,NGINTBREW005,INTBREW,13.6,13.6,12.55,12.25,11217941.0,138575833.45,2103644892575.0,168291591406.0,,,CONSUMER GOODS,Beverages--Brewers/Distillers,INTERNATIONAL BREWERIES PLC.,Main Board,,1971-12-22T00:00:00,www.internationalbreweriesplc.com,www.internationalbreweriesplc.com,-8.09,-1.1,12.5,,"Brewing, Packaging and Marketing of alcoholic and non-alcoholic beverages","Desiderata Building Plot 5A Abuja Street, Banana Island, Ikoyi-Lagos",07074744514,,international.breweries@ng.ab-inbev.com,,,,"Andrew Whiting, Carlos  Coutino, Igwe Peter Anugwu , Ms. Abiye Tobin-West ",62,16.2,2025-07-28T00:00:00,4.95,2025-04-07T00:00:00,INTBREW [MRF] ,"[MRF],",,,,,,,,,,,
65,NGINTENEGIN5,INTENEGINS,3.15,3.15,,,416202.0,1347741.96,4044869290.35,1284085489.0,,,FINANCIAL SERVICES,"""Insurance Carriers, Brokers a",INTERNATIONAL ENERGY INSURANCE PLC,Main Board,2007-07-13T00:00:00,1969-03-26T00:00:00,www.ieiplcng.com,www.ieiplcng.com,0.0,0.0,3.15,,General Insurance Business ,"Plot 294 Jide Oki Street, Victoria Island, Lagos",23412806990,23412705770,info@ieiplcng.com,,,,,63,4.51,2025-08-14T00:00:00,1.34,2025-04-22T00:00:00,INTENEGINS  ,",",,,,,,,,,,,
66,NGJAIZBANK05,JAIZBANK,10.0,10.0,10.1,10.0,5124232.0,51517057.57,448123573836.6,44589410332.0,,,FINANCIAL SERVICES,Banking,JAIZ BANK PLC,NON-INTEREST FINANCE BOARD,,2003-04-01T00:00:00,www.jaizbankplc.com,www.jaizbankplc.com,0.5,0.05,10.05,,BANKING,"PLOT 1073, J.S TARKA STREET,AREA 3, GARKI, 900104, Abuja, Nigeria",07007730000,,info@jaizbankplc.com,,Ahmed Zakari &amp;co,Africa Prudential Plc,"Abdullateef Bello, Adenike Kolawole, Ahmed Mohammed Indimi, Aisha Waziri Umar, Alhassan Abdulkarim, Haruna Musa, Ibrahim Mohammed Indimi, Mohammed Mustapha Bintube, Muhammad Hadi Abdulmutallab, Mustapha Ibrahim Ahmad, Sa'adat Hamza Mohammed, Seedy  Njie, Tajuddeen Aminu Dantata",65,15.43,2026-02-26T00:00:00,3.8,2025-08-04T00:00:00,JAIZBANK [MRF] ,"[MRF],",,,,,,,,,,,
67,NGJAPAULOIL4,JAPAULGOLD,3.4,3.4,3.5,3.1,13512025.0,44029297.39,44214375319.6,14262701716.0,,,OIL AND GAS,Energy Equipment and Services,JAPAUL GOLD & VENTURES PLC,Main Board,2005-08-10T00:00:00,1994-06-29T00:00:00,www.japaulgroup.com,www.japaulgroup.com,-8.82,-0.3,3.1,,"Rendering Maritime Services, Oil and Gas Service, Dredging, Quarry, Transportation, Engineering and Construction","Japaul House, Plot 8, Dr Nurudeen Olowopopo Avevnue, Central Business District, Agidingbi, Ikeja, Lagos",+23418839642,,info@japaulgroup.com,,,,,66,4.42,2026-02-23T00:00:00,1.56,2025-04-10T00:00:00,JAPAULGOLD [MRF] ,"[MRF],",,3.1,,,,,,,,,
68,NGJOHNHOLT05,JOHNHOLT,13.95,13.95,15.3,12.6,2589570.0,35018673.9,5623237903.4,389151412.0,,,CONGLOMERATES,Diversified Industries,JOHN HOLT PLC.,Main Board,,1961-08-28T00:00:00,www.jhplc.com,www.jhplc.com,3.58,0.5,14.45,,"Sale, Leasing and servicing of Power Equipmentand Motor vehicles and the Distribution of Consumer and other Products","11b, Ilabere Avenue, Ikoyi, Lagos",2709283,,ankwocha@jhplc.com,,,,,68,18.95,2026-03-27T00:00:00,4.9,2025-12-11T00:00:00,JOHNHOLT  ,",",,,,,,,,,,,
69,NGJULI000003,JULI,7.26,7.26,,,28800.0,188352.0,1452000000.0,200000000.0,,,SERVICES,Food/Drug Retailers and Wholes,JULI PLC.,Growth Board,1986-07-11T00:00:00,1972-09-14T00:00:00,www.juliplc.ng,www.juliplc.ng,0.0,0.0,7.26,, Retail of Pharmaceutical s and Running of Supermarket and Laboratory Services,"19, Kodesoh Street, Ikeja, LAgos State",09090550989,,info@juliplc.ng,,,,,69,8.06,2025-10-20T00:00:00,7.26,2026-01-05T00:00:00,JULI  ,",",,,,,,,,,,,
70,NGJBERGER009,JBERGER,299.0,299.0,,,213577.0,57734474.7,478400000000.0,1600000000.0,,,CONSTRUCTION/REAL ESTATE,Infrastructure/Heavy Construct,JULIUS BERGER NIG. PLC.,Main Board,,1970-02-18T00:00:00,www.julius-berger.com,www.julius-berger.com,0.0,0.0,299.0,,"Planning, Design and Construction of Civil Engineering and Building works","10, Shettima A. Munguno Crescent",08039067000,096114042,info@julius-berger.com,,,,,67,299.0,2026-04-02T00:00:00,110.0,2025-07-17T00:00:00,JBERGER  ,",",,,,,,,,,,,
71,NGWAPCO00002,WAPCO,215.0,215.0,212.0,210.0,5467507.0,1152951483.1,3414852692852.0,16107795721.0,,,INDUSTRIAL GOODS,Building Materials,LAFARGE AFRICA PLC.,Premium Board,1979-02-17T00:00:00,1959-02-24T00:00:00,www.lafarge.com.ng,www.lafarge.com.ng,-1.4,-3.0,212.0,,Manufacturing and Marketing of Cement and other Building Materials,"27B GERRARD ROAD, IKOYI",2342713990,2342714614,adewunmi.alode@lafargeholcim.com,Mrs. Adewunmi Alode,,CARDINAL STONE REGISTRARS LIMITED,"Mr. Gbenga Oyebode, MFR , Mr. Grant Earnshaw , Mr. Khaled El-Dokani , Mr. Lolu Alade-Akinyemi , Mr. Olivier Guitton , Mrs. Adenike Ogunlesi , Mrs. Elenda Giwa-Amu , Mrs. Karine Uzan Mercie ",147,229.3,2026-03-23T00:00:00,65.9,2025-04-08T00:00:00,WAPCO  ,",",,,,,,,,,,,
72,NGWAPCO00002,WAPCO,215.0,215.0,212.0,210.0,5467507.0,1152951483.1,3414852692852.0,16107795721.0,,,INDUSTRIAL GOODS,Building Materials,LAFARGE AFRICA PLC.,Premium Board,1979-02-17T00:00:00,1959-02-24T00:00:00,www.lafarge.com.ng,www.lafarge.com.ng,-1.4,-3.0,212.0,,Manufacturing and Marketing of Cement and other Building Materials,"27B, Gerrard Road, Ikoyi, Lagos ",2342713990,2342714614,adewunmi.alode@lafargeholcim.com,Mrs. Adewunmi Alode,,CARDINAL STONE REGISTRARS LIMITED,"Mr. Gbenga Oyebode, MFR , Mr. Grant Earnshaw , Mr. Khaled El-Dokani , Mr. Lolu Alade-Akinyemi , Mr. Olivier Guitton , Mrs. Adenike Ogunlesi , Mrs. Elenda Giwa-Amu , Mrs. Karine Uzan Mercie ",148,229.3,2026-03-23T00:00:00,65.9,2025-04-08T00:00:00,WAPCO  ,",",,,,,,,,,,,
73,NGLASACO0002,LASACO,2.05,2.05,2.23,2.0,13720153.0,27902846.87,22721351002.75,11083585855.0,,,FINANCIAL SERVICES,"""Insurance Carriers, Brokers a",LASACO ASSURANCE PLC.,Main Board,,1979-12-20T00:00:00,www.lasacoassurance.com,www.lasacoassurance.com,2.44,0.0,2.05,,All Classes of Insurance Business,"Plot 16, Ame Road Ogba Ikeja Lagos",2120557,,info@lasacoassurance.com,,,,,70,5.25,2025-08-14T00:00:00,1.92,2025-04-08T00:00:00,LASACO [MRF] ,"[MRF],",,,,,,,,,,,
74,NGLONGMAN007,LEARNAFRCA,9.3,9.3,,,235628.0,1993061.6,7174485000.0,771450000.0,,,SERVICES,Printing/Publishing,LEARN AFRICA PLC,Main Board,,1961-10-08T00:00:00,www.learnafricaplc.com,www.learnafricaplc.com,0.0,0.0,9.3,,"Publishing, Distributing and Marketing of high Quality Educational, Professional, Reference and General Books",FELIX IWEREBON HOUSE,23408055844008,,info@learnafricaplc.com,DCSL Corporate Services Limited (Company Secretary),ERNST &amp; YOUNG (CHARTERED ACCOUNTANT),FIRST REGISTRARS AND INVESTORS SERVICE LIMITED,"ALHAJI HASSAN BALA , CHIEF EMEKE IWEREBON  , HAJIA BINTA BAKARI , MRS CORDELIA OJEILE , MRS YETUNDE AINA ",75,10.0,2026-02-16T00:00:00,2.97,2025-04-09T00:00:00,LEARNAFRCA  ,",",,,,,,,,,,,
75,NGLEGENDINT0,LEGENDINT,6.31,6.31,,,587501.0,3599706.01,12620000000.0,2000000000.0,,,ICT,Telecommunications Services,LEGEND INTERNET PLC,Main Board,2025-04-24T00:00:00,2021-08-17T00:00:00,http://www.legend.ng/,http://www.legend.ng/,0.0,0.0,6.31,,"Internet services, payment solutions, and the provision of home protection and management services","15, Bangui Street, Off Adetokunbo Ademola Crescent, Wuse II, Abuja, FCT",+234 700 6953 4363,,e.ogburafor@legend.ng,Erinma Onuoma,Poju Professional Services,,"Aisha Abdulaziz, Arogbo Ayodele, Ladi Bada, Mohammed Yamani Shema, Umunnakwe-Okeke Ifeyinwa ",71,10.0,2025-05-07T00:00:00,4.3,2025-09-04T00:00:00,LEGENDINT [MRF] ,"[MRF],",,,,,,,,,,,
76,NGLINKASSUR7,LINKASSURE,1.52,1.52,1.53,1.5,1114205.0,1696229.66,27719999986.5,18479999991.0,2018.0,,FINANCIAL SERVICES,"""Insurance Carriers, Brokers a",LINKAGE ASSURANCE PLC,Main Board,2003-11-18T00:00:00,1991-03-26T00:00:00,www.linkageassurance.com,www.linkageassurance.com,-1.32,-0.02,1.5,,Non-life Insurance Business ,Plot 20 Block 94 Providence Street off Adewunmi Adebimpe street Lekki Phase 1,08068555625,,momorogbe@linkageassurance.com,,,,,72,2.99,2025-08-14T00:00:00,0.92,2025-05-06T00:00:00,LINKASSURE  ,",",,,,,,,,,,,
77,NGLINKASSUR7,LINKASSURE,1.52,1.52,1.53,1.5,1114205.0,1696229.66,27719999986.5,18479999991.0,2018.0,,FINANCIAL SERVICES,"""Insurance Carriers, Brokers a",LINKAGE ASSURANCE PLC,Main Board,2003-11-18T00:00:00,1991-03-26T00:00:00,www.linkageassurance.com,www.linkageassurance.com,-1.32,-0.02,1.5,,Non-life Insurance Business ,"Plot 20, Block 94, Providence Street, Lekki Phase 1, Lagos",07054492984,,info@linkageassurance.com,,,,,73,2.99,2025-08-14T00:00:00,0.92,2025-05-06T00:00:00,LINKASSURE  ,",",,,,,,,,,,,
78,NGLIVESTOCK5,LIVESTOCK,6.8,6.8,7.45,7.25,3160023.0,23367901.0,22349995664.1,2999999418.0,,,AGRICULTURE,Livestock/Animal Specialties,LIVESTOCK FEEDS PLC.,Main Board,1978-04-01T00:00:00,1963-03-20T00:00:00,www.livestockfeedsplc.com,www.livestockfeedsplc.com,9.56,0.65,7.45,,Manufacturing and Marketing of Animal Feeds and Concentrates,"1,Henry Carr Street Ikeja Lagos  Nigeria",017413668,,info@livestockfeedsplc.com,,,,,74,10.3,2025-06-02T00:00:00,5.65,2025-12-29T00:00:00,LIVESTOCK  ,",",,,,,,,,,,,
79,NGOMOMORBNK6,LIVINGTRUST,4.8,4.8,,,283646.0,1264439.53,24000000000.0,5000000000.0,,,FINANCIAL SERVICES,"""Mortgage Carriers, Brokers an",LIVINGTRUST MORTGAGE BANK PLC,Growth Board,,1999-03-09T00:00:00,www.livingtrustng.com,www.livingtrustng.com,0.0,0.0,4.8,,MORTGAGE BANKING,"LivingTrust Mortgage Bank Plc. Km2 Gbongan Road, P.M.B 4488 Osogbo, Osun State.",09160000243,,info@livingtrustng.com,Mrs. Dorcas Oluwaseun Ajayi,PKF PROFESSIONAL SERVICES,,"Adedoyin  Amosun, Gbadebo Ayinde, Jide Adeola, Kamaldeen Adekilekun, Olaitan Aworonke, Olanrewaju Afolabi, Olumide Adedeji, Olusola Ogunbile, Timothy Gbadeyan",102,7.4,2025-07-02T00:00:00,3.0,2025-12-18T00:00:00,LIVINGTRUST [MRF] ,"[MRF],",,,,,,,,,,,
80,NGMAYBAKER01,MAYBAKER,35.0,35.0,,,941363.0,32996412.45,60383221010.0,1725234886.0,,,HEALTHCARE,Pharmaceuticals,MAY & BAKER NIGERIA PLC.,Main Board,1994-11-10T00:00:00,1944-04-09T00:00:00,www.may-bakerng.com,www.may-bakerng.com,0.0,0.0,35.0,,Manufacturing and Distribution of Pharmaceutical and Consumer goods,"3/5 Sapara Street, Industrial Estate, Ikeja, Lagos",2348032833764,,financials@may-bakerng.com,Marina Nominees Limited,,,,76,48.0,2026-01-22T00:00:00,6.7,2025-04-08T00:00:00,MAYBAKER  ,",",,,,,,,,,,,
81,NGMCNICHOLS7,MCNICHOLS,6.79,6.79,6.8,6.7,2097536.0,14205520.64,7482513964.3,1116793129.0,,,CONSUMER GOODS,Food Products,MCNICHOLS PLC,Growth Board,2009-12-18T00:00:00,2004-04-26T00:00:00,www.mcnicholsplc.com,www.mcnicholsplc.com,-1.33,-0.09,6.7,,Processing and Packaging of Food and Beverage Products,"7, Jeminat Laalu Street Arepo Near Journalist Estate KM 32 Lagos-Ibadan Expressway Ogun State",08150475075,,mcnicholsinvestors@yahoo.com,S E NOMUOJA &amp; Co,Abraham Shalom &amp; Co   Chartered Accountants,United Securities Limited,"Chimaraoke Ekpe , Nneka Briggs , Olusegun Layode , Onyebuchi Agubesi , Ozurumba Afigbo , VICTOR IYOWUNA BRIGGS       ALTERNATE DIRECTOR",78,9.6,2026-02-19T00:00:00,1.48,2025-04-08T00:00:00,MCNICHOLS  ,",",,,,,,,,,,,
82,NGMECURE0006,MECURE,61.5,61.5,,,63904.0,3537086.4,246000000000.0,4000000000.0,,,HEALTHCARE,Pharmaceuticals,MECURE INDUSTRIES PLC,Growth Board,2023-11-07T00:00:00,2005-03-16T00:00:00,www.mecure.com,www.mecure.com,0.0,0.0,61.5,,Manufacturing of drugs,"Mecure House, Debo Industrial Compound, Oshodi St, beside NAFDAC, Lagos",08093939494,,legal@mecure.com,"Banwo &amp; Ighodalo, Olawale Ibitoye",Olatunji Cole &amp; Co,,,79,104.0,2026-01-20T00:00:00,11.2,2025-07-22T00:00:00,MECURE  ,",",,,,,,,,,,,
83,NGMEYER00006,MEYER,18.65,18.65,,,19492.0,330445.3,9282619049.95,497727563.0,,,INDUSTRIAL GOODS,Building Materials,MEYER PLC.,Main Board,,1960-05-20T00:00:00,www.meyerpaints.com,www.meyerpaints.com,0.0,0.0,18.65,,"Manufacturing and Marketing of Premium paints, and Allied Products","No. 32, Billings Way, Oregun, Lagos State",08123438237,,info@meyerpaints.com,,,,,80,25.25,2025-07-14T00:00:00,8.0,2025-05-06T00:00:00,MEYER  ,",",,,,,,,,,,,
84,NGMOFIREIF00,MOFIREIF,100.0,100.0,,,,,100000000000.0,1000000000.0,,,CONSTRUCTION/REAL ESTATE,Infrastructure/Heavy Construct,MOFI REAL ESTATE INVESTMENT FUND,Main Board,2025-11-11T00:00:00,2024-10-24T00:00:00,www.mofi.com.ng,www.mofi.com.ng,0.0,0.0,100.0,,Infrastructure Financing,"Tower 2, Bank of Industry (BOI) House
Plot 256 A O., Off Herbert Macaulay Way
Central Business District, Abuja",0700-2255-6634,0700-2255-6634,info@www.mofi.com.ng,,,,,81,,,,,MOFIREIF  ,",",,,,,,,,,,,
85,NGMORISON000,MORISON,11.8,11.8,,,2496.0,29947.56,14820800000.0,1256000000.0,,,HEALTHCARE,Medical Supplies,MORISON INDUSTRIES PLC.,Main Board,,1955-06-29T00:00:00,www.morisonplc.ng,www.morisonplc.ng,0.0,0.0,11.8,,"Production and Marketing of Pharmaceuticals, Hygiene Production ",28/30 MORISON CRESCENT OREGUN INDUSTRIAL AREA IKEJA,08118680526,,miplc@morisonplc.ng,,,,,82,13.27,2026-03-11T00:00:00,2.93,2025-05-30T00:00:00,MORISON [MRF] ,"[MRF],",,,,,,,,,,,
86,NGMTNN000002,MTNN,760.0,760.0,,,3820485.0,2737075116.6,15956625678280.0,20995560103.0,,,ICT,Telecommunications Services,MTN NIGERIA COMMUNICATIONS PLC,Premium Board,2019-05-16T00:00:00,2000-11-08T00:00:00,,,0.0,0.0,760.0,,Telecommunication Services,,,,,Mrs. Uto Ukpanah,Ernst &amp; Young,,"Dr. Ernest Ndukwe, OFR , Dr. Omobola Johnson , Mr. Abubakar B. Mahmoud SAN, OON , Mr. Andrew Alli , Mr. Jens Schulte-Bockum , Mr. Michael Ajukwu , Mr. Modupe Kadri , Mr. Muhammad K. Ahmad, OON , Mr. Ralph Mupita , Mr. Rhidwaan Gasant , Mrs. Ifueko M. Omoigui Okauru, MFR ",83,819.0,2026-03-04T00:00:00,230.0,2025-04-11T00:00:00,MTNN  ,",",,,,,,,,,,,
87,NGMULTITREX0,MULTITREX,0.36,0.36,,,,,2243056993.92,6230713872.0,,,CONSUMER GOODS,Food Products,MULTI-TREX INTEGRATED FOODS PLC,Main Board,2010-11-01T00:00:00,1999-10-30T00:00:00,,,0.0,0.0,0.36,,"Cocoa butter export, cocoa cake export, producing cocoa powder for local consumption, instant chocolate dry-mix and chocolate drink",,,,,,Baker Tilly Nigeria (Chartered Accountants),,,84,,,,,MULTITREX [DWL] ,"[DWL],",,,,,,,,,,,
88,NGMULTIVERS6,MULTIVERSE,20.15,20.15,,,180273.0,3810667.6,8587806440.2,426193868.0,,,NATURAL RESOURCES,Mining Services,MULTIVERSE MINING AND EXPLORATION PLC,Main Board,2008-04-18T00:00:00,2002-06-20T00:00:00,www.multiverseplc.com,www.multiverseplc.com,0.0,0.0,20.15,,"Quarrying and Mining of Precious Stones.e.g.Lead Ore,Barite,Copper, Zinc. etc., ","195A, Corporation Drive, Dolphin Estate, Ikoyi, Lagos",09060004520,15411094,info@multiverseplc.com,,,,"Ayedun Fasina, Ayodele Oluwasusi, Olayinka Abel, Usidame Dolapo, Wang Long, Zargana Bukar",85,28.25,2026-01-14T00:00:00,6.35,2025-05-02T00:00:00,MULTIVERSE  ,",",,,,,,,,,,,
89,NGMBENEFT000,MBENEFIT,4.2,4.2,4.4,4.06,14155102.0,59568795.9,84258814067.4,20061622397.0,,,FINANCIAL SERVICES,"""Insurance Carriers, Brokers a",MUTUAL BENEFITS ASSURANCE PLC.,Main Board,2002-05-28T00:00:00,1995-04-18T00:00:00,www.mutualngcom,www.mutualngcom,-3.33,0.0,4.2,,General Insurance and Life Business ,"ARET ADAMS HOUSE,233, IKORODU ROAD,ILUPEJU,LAGOS","08191471029, ",,info@mutualng.com,,,,FEMI ASENUGA,77,5.95,2026-02-23T00:00:00,0.8,2025-04-08T00:00:00,MBENEFIT [MRF] ,"[MRF],",,,,,,,,,,,
90,NGNNFM000008,NNFM,79.4,79.4,,,15527.0,1110180.5,14149080000.0,178200000.0,,,CONSUMER GOODS,Food Products,N NIG. FLOUR MILLS PLC.,Main Board,,1971-10-29T00:00:00,,,0.0,0.0,79.4,,Flour Milling ,,,,,,,,,96,138.9,2025-05-29T00:00:00,74.05,2026-02-06T00:00:00,NNFM  ,",",,,,,,,,,,,
91,NGNASCON0005,NASCON,147.0,147.0,150.0,147.0,1126389.0,164447272.65,405364071750.0,2702427145.0,,,CONSUMER GOODS,Food Products,NASCON ALLIED INDUSTRIES PLC,Main Board,1992-10-20T00:00:00,1973-04-30T00:00:00,,,2.04,3.0,150.0,,Processing of Raw Salt into Edible Salt,,,,,,Akintola Williams Deloitte,,,87,164.95,2026-02-20T00:00:00,40.0,2025-04-08T00:00:00,NASCON  ,",",,,,,,,,,,,
92,NGNCR0000008,NCR,199.0,199.0,,,2207.0,397370.25,21492000000.0,108000000.0,,,ICT,IT Services,NCR (NIGERIA) PLC.,Main Board,,1949-12-09T00:00:00,,,0.0,0.0,199.0,,Sales and Service of Information Technology Solutions and the Sale of Computer Consumables,"ST NICHOLAS HOUSE (10TH FLOOR) CATHOLIC MISSION STREET, LAGOS ISLAND LAGOS",14622307,,ALSECLawyers@uubo.org,,,,,89,199.0,2026-01-26T00:00:00,5.5,2025-06-11T00:00:00,NCR [MRF] ,"[MRF],",,,,,,,,,,,
93,NGNCR0000008,NCR,199.0,199.0,,,2207.0,397370.25,21492000000.0,108000000.0,,,ICT,IT Services,NCR (NIGERIA) PLC.,Main Board,,1949-12-09T00:00:00,www.ncr.com,www.ncr.com,0.0,0.0,199.0,,Sales and Service of Information Technology Solutions and the Sale of Computer Consumables,"10th Floor, St Nicholas House, Catholic Mission Street, Lagos Island",2793970,,info@ncr.com.ng,,,,,90,199.0,2026-01-26T00:00:00,5.5,2025-06-11T00:00:00,NCR [MRF] ,"[MRF],",,,,,,,,,,,
94,NGNEIMETH001,NEIMETH,10.3,10.3,9.95,9.5,1319437.0,12865650.45,42517390839.65,4273104607.0,,,HEALTHCARE,Pharmaceuticals,NEIMETH INTERNATIONAL PHARMACEUTICALS PLC,Main Board,1979-09-21T00:00:00,1957-08-13T00:00:00,www.neimethplc.com.ng,www.neimethplc.com.ng,-3.4,-0.35,9.95,,"Manufacturing & Marketing of Pharmaceuticals, Animal Health Products and general healthcare products.","16, Billings Way,(Akanni Doherty Layout), Oregun Industrial Estate, Oregun, Lagos.",08033128663,0292001178F3RH15D836,info@neimethplc.com.ng,,,,,91,16.15,2026-01-23T00:00:00,2.42,2025-04-08T00:00:00,NEIMETH  ,",",,,,,,,,,,,
95,NGNEIMETH001,NEIMETH,10.3,10.3,9.95,9.5,1319437.0,12865650.45,42517390839.65,4273104607.0,,,HEALTHCARE,Pharmaceuticals,NEIMETH INTERNATIONAL PHARMACEUTICALS PLC,Main Board,1979-09-21T00:00:00,1957-08-13T00:00:00,www.neimethplc.com.ng,www.neimethplc.com.ng,-3.4,-0.35,9.95,,"Manufacturing & Marketing of Pharmaceuticals, Animal Health Products and general healthcare products.","16, Doherty Akanni Layout (Billings Way), Oregun Industrial Estate, Oregun",08033128663,,info@neimethplc.com.ng,,,,,92,16.15,2026-01-23T00:00:00,2.42,2025-04-08T00:00:00,NEIMETH  ,",",,,,,,,,,,,
96,NGNEM0000005,NEM,31.9,31.9,31.9,31.9,3572839.0,114177978.65,160025640767.3,5016477767.0,,,FINANCIAL SERVICES,"""Insurance Carriers, Brokers a",NEM INSURANCE PLC,Main Board,1990-09-05T00:00:00,1970-04-02T00:00:00,,,0.0,0.0,31.9,,General Insurance Business ,,,,,IFUNANYA DAISY IWUAGWU,,,,93,39.6,2025-08-12T00:00:00,11.8,2025-04-08T00:00:00,NEM  ,",",,,,,,,,,,,
97,NGNESTLE0006,NESTLE,3055.5,3055.5,3055.5,3055.5,282037.0,852634816.2,2421961177986.0,792656252.0,,,CONSUMER GOODS,Food Products--Diversified,NESTLE NIGERIA PLC.,Main Board,1979-04-20T00:00:00,1969-09-25T00:00:00,www.nestle-cwa.com/en/investors/nigeria,www.nestle-cwa.com/en/investors/nigeria,0.0,0.0,3055.5,,"Manufacturing, Marketing and Distribution of food Products.","22-24 Industrial Avenue, Ilupeju, Lagos",23414607600,0292002173F4KD5E5347,Shareholders.Enquiries@ng.nestle.com,"Mr. Bode Ayeku, FCIS",ERNST &amp; YOUNG,,"ADEBISI LAMIKANRA, KEMISOLA AJASA, MARTIN KRUEGEL, Maryam  Mohammed, MAURICIO  ALARCON, Mr. Gbenga Oyebode , Mrs. Juliet Ehimuan , NAMIT MISHRA, Wassim Elhusseini",94,3395.0,2026-03-18T00:00:00,1000.0,2025-04-14T00:00:00,NESTLE  ,",",,,,,,,,,,,
98,NGCHDNREIT00,NREIT,103.0,103.0,,,6441.0,662586.0,170647847866.0,1656775222.0,,,CONSTRUCTION/REAL ESTATE,Real Estate Investment Trusts,NIGERIA REAL ESTATE INV. TRUST FUND,Main Board,2025-12-31T00:00:00,2019-01-09T00:00:00,www.chapelhilldenham.com,www.chapelhilldenham.com,0.0,0.0,103.0,,Real Estate Investment,"10 Bankole Oki Street, Ikoyi, Lagos ",+234 802 242 7729,+234 802 242 7729,kawodein@chapelhilldenham.com,,,,,26,,,,,NREIT  ,",",,,,,,,,,,,
99,NGNAHCO00008,NAHCO,189.95,189.95,190.0,190.0,1666792.0,305062486.5,370321875000.0,1949062500.0,,,SERVICES,Transport-Related Services,NIGERIAN AVIATION HANDLING COMPANY PLC,Main Board,2006-11-27T00:00:00,2005-04-08T00:00:00,www.nahcoaviance.com,www.nahcoaviance.com,0.03,0.05,190.0,,"Provision of Aircraft, Passenger and Cargo Handling Services and Other related Services to Airline Operators","nahco aviance House, Murtala Muhammed Airport, Ikeja, Lagos",7306875,,info@nahcoaviance.com,,,,,86,204.45,2026-03-31T00:00:00,62.95,2025-04-08T00:00:00,NAHCO  ,",",,,,,,,,,,,
100,NGNB00000005,NB,70.0,70.0,70.5,70.0,2581103.0,181637623.7,2168811884400.0,30983026920.0,,,CONSUMER GOODS,Beverages--Brewers/Distillers,NIGERIAN BREW. PLC.,Main Board,1973-09-05T00:00:00,1946-11-16T00:00:00,www.nbplc.com,www.nbplc.com,0.43,0.0,70.0,,"Brewing and Marketing of Lager Beer, Stout and Non-Alcoholic","Legal Department, Iganmu House, Abebe Village Road, Iganmu, Lagos",012717400,012717424,info@nbplc.com,Uaboi G. AGBEBAKU,,,"Asue  Ighodalo, Hans Essaadi, Juliet Anammah, Sijbe HIEMSTRA , Yeliz Yedikardesler",88,87.3,2026-01-14T00:00:00,31.95,2025-04-15T00:00:00,NB  ,",",,,,,,,,,,,
101,NGENAMELWA03,ENAMELWA,37.0,37.0,,,35.0,1295.0,2813176600.0,76031800.0,,,CONSUMER GOODS,Household Durables,NIGERIAN ENAMELWARE PLC.,Main Board,,1960-05-21T00:00:00,wempco@wempco.com,wempco@wempco.com,0.0,0.0,37.0,,Manufacturing and Marketing of Enamelware and Plastic Products,"18 Wempco Road, Ogba - Ikeja Lagos",08027620235,"4920257, 4920253",accounting@wempco.com,Bamofin Olatokunbo Sanni,Sola Oyetayo &amp;Co,GTL Rgistrars,"AaRE HADJI TOKUNBO ALLI , ALHAJI CHIEF M. A. OLA YUSUF , MR KAY FUNG TUNG , MR LEWIS TUNG , MR PAUL TUNG , MR PHILLIP TUNG ",43,45.0,2025-10-20T00:00:00,18.5,2025-06-13T00:00:00,ENAMELWA  ,",",,,,,,,,,,,
102,NGNGXGROUP09,NGXGROUP,170.0,170.0,176.2,176.0,3805053.0,666793293.1,346077224751.6,1964115918.0,,,FINANCIAL SERVICES,Other Financial Institutions,NIGERIAN EXCHANGE GROUP,Main Board,2021-10-15T00:00:00,1960-09-15T00:00:00,www.ngxgroup.com,www.ngxgroup.com,3.65,6.2,176.2,,FINANCIAL SERVICES,"NGX HOUSE, 2-4 CUSTOMS STREET, LAGOS",2347002255673,,contactcenter@ngxgroup.com,Obehi Ikhaghe,,,,95,188.0,2026-03-12T00:00:00,30.0,2025-04-09T00:00:00,NGXGROUP  ,",",,,,,,,,,,,
103,NGNPFMCRFBK0,NPFMCRFBK,6.0,6.0,5.7,5.4,2168750.0,12006679.54,34159840974.9,5992954557.0,,,FINANCIAL SERVICES,Micro-Finance Banks,NPF MICROFINANCE BANK PLC,Main Board,2010-12-01T00:00:00,1993-05-19T00:00:00,www.npfmicrofinancebankplc.ng,www.npfmicrofinancebankplc.ng,-5.0,-0.3,5.7,,Microfinance Bank,"Aliyu Atta House, 1, Ikoyi Road, Obalende",07029903151,,info@npfmicrofinancebankplc.ng,Mrs. Osaro Josephine Idemudia,,,"ADUOJO FRIDAY ABAH, Akinwunmi Lawal , AZUBUKO J UDAH, IDRISU DABBAN DAUDA, LYDIA ENEMONA  AMEH, MOJISOLA OLAMIDE AKIN-BALOGUN, Mr. Abdulrahman Satumari , MR. AMINU SALEH  PAI, Mr. Francis Chukwuemeka Nelson  , MR. JONH K. TIZHE , Mr. Salihu Argungu Hashimu , MR.USMAN ISA BABA , Mrs Rakiya Edota Shehu , MUTALIB ATANDA AKINLADE, OTUNBA DAMILOLA SAMUEL ADEGBUYI ADEGBUYI, OYEYEMI  ADESOYE OYEDIRAN, SAID G FAGGE, SUNDAY FELIX CHUKWURAH, YUSUF AMUDA HABEEB",97,8.0,2026-03-10T00:00:00,1.62,2025-04-08T00:00:00,NPFMCRFBK  ,",",,,,,,,,,,,
104,NGOANDO00002,OANDO,48.0,48.0,48.0,47.0,3305388.0,155695502.9,584276386607.0,12431412481.0,,,OIL AND GAS,Integrated Oil and Gas Service,OANDO PLC,Main Board,1992-02-24T00:00:00,1969-08-25T00:00:00,www.oandoplc.com,www.oandoplc.com,-2.08,-1.0,47.0,,"Exploration and Production and Energy Services. Gas and Power,Marketing, Supply and Trading and Refinning and Terminal","The Wings Office Complex, 17a Ozumba Mbadiwe Avenue,Victoria Island, Lagos",2702400,,info@oandoplc.com,Folasade Ibidapo-Obe,,,,99,71.0,2025-06-16T00:00:00,35.75,2025-04-08T00:00:00,OANDO [MRF] ,"[MRF],",,,,,,,,,,,
105,NGOKOMUOIL00,OKOMUOIL,1765.0,1765.0,,,79481.0,126298433.0,1683651150000.0,953910000.0,,,AGRICULTURE,Crop Production,OKOMU OIL PALM PLC.,Main Board,1997-09-09T00:00:00,1979-12-03T00:00:00,www.okomunigeria.com,www.okomunigeria.com,0.0,0.0,1765.0,,"Development of Oil and Rubber Plantations. Palm oil Milling, Palm Kernel Processing and Sale of Wet Cup Lumps","The Okomu Oil Palm Company Plc, Okomu-Udo, Ovia South West L.G.A Edo State, Nigeria",+2348057930488,,compsec@okomunigeria.com,,,,,100,1765.0,2026-02-25T00:00:00,524.7,2025-04-25T00:00:00,OKOMUOIL  ,",",,,,,,,,,,,
106,NGOMATEX0001,OMATEK,2.25,2.25,2.47,2.03,4979201.0,11237439.01,7266219995.84,2941789472.0,,,ICT,Computers and Peripherals,OMATEK VENTURES PLC,Main Board,,1998-07-06T00:00:00,http//www.omatek.ng,http//www.omatek.ng,9.78,0.22,2.47,,"Assembling, Sales and Manitenance of Computers, Inverters and Solar Power Products","Head Office: 45 Bissau Street, Ground Floor, Wuse Zone 6, Abuja",+2348033081736,,yemi.ogundipe@omatekcomputers.com,,,,,101,3.5,2026-02-11T00:00:00,0.53,2025-04-09T00:00:00,OMATEK  ,",",,,,,,,,,,,
107,NGPZ00000005,PZ,83.0,83.0,80.4,80.0,3797643.0,303292467.45,317638163600.0,3970477045.0,,,CONSUMER GOODS,Personal/Household Products,P Z CUSSONS NIGERIA PLC.,Main Board,,1948-04-12T00:00:00,https://www.pzcussons.com/nigeria/,https://www.pzcussons.com/nigeria/,-3.61,-3.0,80.0,,"Manufacture and Distribution of Personal Care, Home Care and Electricals ","45/47, Town Planning way Ilupeju",+234012717153,01-2702876,bukola.olonade-agaga@pzcussons.com,,,,,107,86.2,2026-03-31T00:00:00,27.5,2025-06-04T00:00:00,PZ  ,",",,,,,,,,,,,
108,NGPHARMDEKO7,PHARMDEKO,1.83,1.83,,,,,396780040.02,216819694.0,,,HEALTHCARE,Pharmaceuticals,PHARMA-DEKO PLC.,Main Board,,1969-04-18T00:00:00,www.pharmadekoplc.com,www.pharmadekoplc.com,0.0,0.0,1.83,,Manufacturing and Marketing of Pharmaceutical & Consumer Products,"Plot C1/1, Agbara Industrial Estate, Agbara, Ogun State",012954606,,company.secretary@pharmadekoplc.com,,,,,103,,,,,PHARMDEKO [MRS] ,"[MRS],",,,,,,,,,,,
109,NGPREMPAINT2,PREMPAINTS,37.5,37.5,,,64283.0,2173151.25,4612500000.0,123000000.0,,,INDUSTRIAL GOODS,Building Materials,PREMIER PAINTS PLC.,Main Board,1995-03-07T00:00:00,1982-08-24T00:00:00,www.premierpaintsplc.com,www.premierpaintsplc.com,0.0,0.0,37.5,,"Production and Marketing of Paint Products such as Wood finishes, decorative, industrial coatings and auto refinishes","KM 2, IFO -  IBOGUN ROAD, IFO, OGUN STATE",08051199620,49197,premierpaints20@gmail.com; mathew.eledan@premierpaintsplc.com.ng,,,,,104,37.5,2026-03-27T00:00:00,11.0,2026-02-02T00:00:00,PREMPAINTS [RST] ,"[RST],",,,,,,,,,,,
110,NGPRESCO0005,PRESCO,1980.0,1980.0,,,62591.0,119402328.6,2310000000660.0,1166666667.0,,,AGRICULTURE,Crop Production,PRESCO PLC,Main Board,2002-10-10T00:00:00,1991-09-24T00:00:00,www.presco-plc.com,www.presco-plc.com,0.0,0.0,1980.0,,Palm Plantation and Processing,"Obaretin Estate, Km 22, Benin Sapele Road, Ikpoba/Okha LGA, Edo State, Nigeria",+2348034134444,+32 (0) 23739232,presco@siat-group.com,,,,"NONYE UDO, PAUL ANTOON L.  CARDOEN",105,2315.4,2026-02-19T00:00:00,850.1,2025-05-08T00:00:00,PRESCO [MRF] ,"[MRF],",,,,,,,,,,,
111,NGPRESTIGE00,PRESTIGE,1.43,1.43,,,603901.0,866435.95,18951163499.84,13252561888.0,,,FINANCIAL SERVICES,"""Insurance Carriers, Brokers a",PRESTIGE ASSURANCE PLC,Main Board,1990-12-03T00:00:00,1970-01-06T00:00:00,wwwprestigeassuranceplc.com,wwwprestigeassuranceplc.com,0.0,0.0,1.43,,Non-Life Insurance Business,19 LIGALI AYORINDE STREET VICTORIA ISLAND LAGOS,2348058830333,23412713712,info@prestigeassuranceplc.com,CHIDINMA IBE-LOUIS,DELOITTE &amp; TOUCHE,,"ADERONKE  ADEDEJI, Funmi Oyetunji, GIRIJA SUBRAMANIAN, NOSIKE AGOKEI, Prasad Chandra, RAJESH  KAMBLE, SMITA SRIVASTAVA, VIVEK KALLA",106,2.66,2025-08-14T00:00:00,0.8,2025-04-08T00:00:00,PRESTIGE [BMF] ,"[BMF],",,,,,,,,,,,
112,NGRTBRISCOE9,RTBRISCOE,9.86,9.86,,,796979.0,7387245.52,11598831272.16,1176352056.0,,,SERVICES,Automobile/Auto Part Retailers,R T BRISCOE PLC.,Main Board,1974-03-15T00:00:00,1957-03-09T00:00:00,www.rtbriscoe.com,www.rtbriscoe.com,0.0,0.0,9.86,,"Sales and Service of Toyota and Ford Motor Vehicle and Technical Equipment,Mining and Drilling Equipment and Generating Sets","18 Fatai Atere Way, Matori-Mushin, Lagos",+23412790757,+23412793216,briscoemail@rtbriscoe.com,,,,,112,19.16,2026-02-16T00:00:00,1.75,2025-04-16T00:00:00,RTBRISCOE  ,",",,,,,,,,,,,
113,NGREDSTAREX9,REDSTAREX,28.15,28.15,,,14200.0,359970.0,26867016598.75,954423325.0,,,SERVICES,Courier/Freight/Delivery,RED STAR EXPRESS PLC,Main Board,2007-11-14T00:00:00,1992-07-10T00:00:00,www.redstarplc.com,www.redstarplc.com,0.0,0.0,28.15,,"Courier Services, Freight Services, Logistics, warehousing and General Haulage ","70 International Airport Road, Lagos",2715670,4976612,enquiries@redstarplc.com,,,,,108,34.95,2026-02-23T00:00:00,5.05,2025-04-30T00:00:00,REDSTAREX  ,",",,,,,,,,,,,
114,NGREGALINS04,REGALINS,1.04,1.04,1.12,0.97,10187172.0,10153122.21,15684900000.0,16005000000.0,,,FINANCIAL SERVICES,"""Insurance Carriers, Brokers a",REGENCY ASSURANCE PLC,Main Board,,1993-06-16T00:00:00,www.regencyalliance.com,www.regencyalliance.com,-5.77,-0.06,0.98,,General Insurance Business,"2EBUN STREET GBAGADA ESTATE,LAGOS",08053499073,REGENCY ALLIANCE INSURANCE PLC. 029200357C5T3AH2F910,info@regencyalliance.com,,,,"DONALD ETIM, WALE TAIWO",109,1.49,2025-10-14T00:00:00,0.38,2025-04-08T00:00:00,REGALINS [MRF] ,"[MRF],",,,,,,,,,,,
115,NGRONCHESS06,RONCHESS,81.0,81.0,,,,,7371000000.0,91000000.0,,,CONSTRUCTION/REAL ESTATE,Building Construction,RONCHESS GLOBAL RESOURCES PLC,Growth Board,2021-12-17T00:00:00,2008-09-05T00:00:00,www.ronchess.com,www.ronchess.com,0.0,0.0,81.0,,Construction/Real Estate,"179A Moshood Olugbani Street, Victoria Island, Lagos",+234 703 545 0117,,info@ronchessglobal.com,"Opeyemi Mabawonku, Suleiman O. Hayatudeen",Oladejo Ogunrinde &amp; Co. (Chartered Accountants),,,110,,,,,RONCHESS  ,",",,,,,,,,,,,
116,NGROYALEX007,ROYALEX,1.51,1.51,1.53,1.5,1136097.0,1724812.06,12482715399.4,8266698940.0,,,FINANCIAL SERVICES,Other Financial Institutions,ROYAL EXCHANGE PLC.,Main Board,1990-12-03T00:00:00,1921-02-28T00:00:00,www.royalexchangeplc.com,www.royalexchangeplc.com,1.32,0.0,1.51,,"General Business, Healthcare Insurance, Life Assurance, Finance & Investment, Microfinance Banking and Wealth Management","Suite 18, 18 King George V Road, Onikan. Lagos ",2349152213054,,info@royalexchangeplc.com,OOT Nominees Limited ,,,,111,3.47,2025-08-14T00:00:00,0.75,2025-04-09T00:00:00,ROYALEX  ,",",,,,,,,,,,,
117,NGSCOA000009,SCOA,22.65,22.65,,,59896.0,1270730.25,14718551312.25,649825665.0,,,CONGLOMERATES,Diversified Industries,S C O A  NIG. PLC.,Main Board,,1969-06-24T00:00:00,www.scoaplc.com,www.scoaplc.com,0.0,0.0,22.65,,"Automobile Sales, Maintenance, distribution and Leasing, Manufacturing, Technical Sales and Services, General Merchandising, Power Generation, Furniture and Agriculture, Production of foods and fruit juices","157, APAPA/OSHODI EXPRESSWAY, ISOLO",08023085561,01-4521683,cs@scoaplc.com,,,,,113,38.15,2026-02-10T00:00:00,4.41,2025-06-03T00:00:00,SCOA  ,",",,,,,,,,,,,
118,NGNSLTECH006,NSLTECH,1.0,1.0,1.04,0.99,16751474.0,16808852.34,5575224600.0,5631540000.0,,,SERVICES,Specialty,SECURE ELECTRONIC TECHNOLOGY PLC,Main Board,,2000-01-03T00:00:00,www.setplc.com,www.setplc.com,-1.0,-0.01,0.99,,"Operations of Lottery Business, AirtimeVending Revenue Colelction, Card Payments and treasury/Assets Management","107 , BAMGBOSE STREET, LAGOS ISLAND, LAGOS STATE",2348037134158,,info@setplc.com,,,,,98,2.19,2026-02-19T00:00:00,0.45,2025-04-07T00:00:00,NSLTECH  ,",",,,,,,,,,,,
119,NGSEPLAT0008,SEPLAT,9099.9,9099.9,9550.0,9550.0,350921.0,3317607180.0,5729470557550.0,599944561.0,,,OIL AND GAS,Exploration and Production,SEPLAT ENERGY PLC,Premium Board,,2009-06-17T00:00:00,www.seplatenergy.com,www.seplatenergy.com,4.95,450.1,9550.0,,PETROLEUM EXPLORATION AND PRODUCTION,"16a Temple Road (Olu Holloway) Ikoyi, Lagos.",012770400,029200711C4S4CB2E982,info@seplatenergy.com,,,,"BASHIRAT ODUNEWU, Christopher Okeke, Eleanor Adaralegbe, Emma  FitzGerald , ERNEST EBI, KAZEEM RAIMI, Larry Ettah, Ms. Koosum Kalyan, NATHALIE DELAPALME, ROGER  BROWN, Samson Ezugworie , Udoma Udoma",114,9550.0,2026-04-08T00:00:00,4964.4,2025-05-29T00:00:00,SEPLAT  ,",",,,,,,,,,,,
120,NGSKYESHELT8,SFSREIT,418.75,418.75,,,4261.0,1917013.1,8375000000.0,20000000.0,,,CONSTRUCTION/REAL ESTATE,Real Estate Investment Trusts,SFS REAL ESTATE INVESTMENT TRUST,Real Estate Investment Trust & Close End Fund,,,sfsreit.com,sfsreit.com,0.0,0.0,418.75,,Closed-ended Real Estate Investment Trust (REIT),287 Ajose Adeogun street,07017306316,,sfsreit@sfsnigeria.com,,,,,116,418.75,2025-10-15T00:00:00,226.6,2025-06-03T00:00:00,SFSREIT  ,",",,,,,,,,,,,
121,NGSKYESHELT8,SFSREIT,418.75,418.75,,,4261.0,1917013.1,8375000000.0,20000000.0,,,CONSTRUCTION/REAL ESTATE,Real Estate Investment Trusts,SFS REAL ESTATE INVESTMENT TRUST,Real Estate Investment Trust & Close End Fund,2008-02-26T00:00:00,,,,0.0,0.0,418.75,,Closed-ended Real Estate Investment Trust (REIT),,,,,,,,,117,418.75,2025-10-15T00:00:00,226.6,2025-06-03T00:00:00,SFSREIT  ,",",,,,,,,,,,,
122,NGSKYAVN0003,SKYAVN,143.1,143.1,,,20973.0,2701322.4,193697298000.0,1353580000.0,,,SERVICES,Transport-Related Services,SKYWAY AVIATION HANDLING COMPANY PLC,Main Board,2019-04-26T00:00:00,2009-04-22T00:00:00,www.sahcoplc.com,www.sahcoplc.com,0.0,0.0,143.1,,Aviation Support Services,"SAHCO Complex, Cargo Terminal, Murtala Muhammed International Airport.",+2348034742208,,info@sahcoplc.com,,,,"Barr(Dr) Taiwo  Afolabi (MON), Boma Ukwunna , Olaniyi Adigun ",115,164.95,2026-02-09T00:00:00,46.5,2025-05-02T00:00:00,SKYAVN  ,",",,,,,,,,,,,
123,NGSOVRENINS5,SOVRENINS,2.0,2.0,2.05,1.99,3653144.0,7348451.74,28456278966.0,14228139483.0,,,FINANCIAL SERVICES,"""Insurance Carriers, Brokers a",SOVEREIGN TRUST INSURANCE PLC,Main Board,2006-11-29T00:00:00,1980-02-26T00:00:00,www.stiplc.com,www.stiplc.com,2.5,0.0,2.0,,General Insurance Business,"17, Adetokunbo Ademola Street, Victoria Island, Lagos",23414615006,,enquiries@stiplc.com,,,,,118,4.89,2025-10-29T00:00:00,0.82,2025-04-08T00:00:00,SOVRENINS [MRF] ,"[MRF],",,,,,,,,,,,
124,NGSTACO00002,STACO,0.48,0.48,,,,,4483722052.32,9341087609.0,,,FINANCIAL SERVICES,"""Insurance Carriers, Brokers a",STACO INSURANCE PLC,Main Board,,1991-07-10T00:00:00,www.stacoplc.com,www.stacoplc.com,0.0,0.0,0.48,,General Insurance & Special Risk,"209, Herbert Macaulay Way, Yaba, Lagos",2348150970457,3425466,info@stacoplc.com,,,,,119,,,,,STACO [DWL] ,"[DWL],",,,,,,,,,,,
125,NGSTANBIC003,STANBIC,135.0,135.0,138.0,138.0,988085.0,135732589.85,2194444155948.0,15901769246.0,,,FINANCIAL SERVICES,Other Financial Institutions,STANBIC IBTC  HOLDINGS PLC,Main Board,2012-11-23T00:00:00,2012-03-14T00:00:00,www.stanbicibtc.com,www.stanbicibtc.com,2.22,3.0,138.0,,Financial Services,"I.B.T.C. Place, Walter Carrignton Crescent, Victoria Island, Lagos, Nigeria",23414488900,23412806998,chidi.okezie@stanbicibtc.com,Chidi Okezie,PricewaterhouseCoopers,,Chuma Nwokocha,120,138.0,2026-04-08T00:00:00,59.05,2025-04-14T00:00:00,STANBIC [MRF] ,"[MRF],",,,,,,,,,,,
126,NGSTERLNHCO9,STERLINGNG,8.0,8.0,8.0,7.6,11719937.0,92524179.4,411724398070.6,52117012414.0,,,FINANCIAL SERVICES,Banking,STERLING FINANCIAL HOLDINGS COMPANY PLC,Main Board,2023-04-06T00:00:00,2021-10-13T00:00:00,www.sterling.ng,www.sterling.ng,-1.25,-0.1,7.9,,FINANCIAL HOLDING COMPANY,"Sterling Towers, 20 Marina Lagos",08023451814,0000,Damilola.Longe@sterling.ng,MR. SUNNY KANABE,,,,122,9.35,2026-02-25T00:00:00,4.34,2025-04-08T00:00:00,STERLINGNG [MRF] ,"[MRF],",,,,,,,,,,,
127,NGSUNUASSUR6,SUNUASSUR,4.2,4.2,4.2,4.2,676621.0,2862827.22,24405360000.0,5810800000.0,,,FINANCIAL SERVICES,"""Insurance Carriers, Brokers a",SUNU ASSURANCES NIGERIA PLC.,Main Board,,1984-12-13T00:00:00,www.sunu-group.com,www.sunu-group.com,0.0,0.0,4.2,,General Insurance,"Plot, 1196, Bishop Oluwole Street, Victoria Island, Lagos",012802012,029200853F4O4D5E7E34,nigeria@sunu-group.com,TAIWO KUKU,SIAO PARTNERS,,"IBIKUNLE BALOGUN , MR. PHILIPPE AYIVOR , MS. TAIZIR AJALA , OLANREWAJU OGUNBANJO ",123,7.31,2025-08-14T00:00:00,3.92,2025-11-28T00:00:00,SUNUASSUR [BLS] ,"[BLS],",,,,,,,,,,,
128,NGTANTALIZE1,TANTALIZER,4.1,4.1,4.4,4.0,11795281.0,48783395.17,22000000000.0,5000000000.0,,,SERVICES,Hospitality,TANTALIZERS PLC,Main Board,,1997-05-04T00:00:00,,,7.32,0.3,4.4,,Manufacturing and Sale of food and Drinks,,,,,,,,,124,6.25,2026-02-12T00:00:00,1.81,2025-11-10T00:00:00,TANTALIZER  ,",",,,,,,,,,,,
129,NGINITSPLC05,TIP,18.7,18.7,19.4,18.15,6986552.0,131406832.6,16642655022.4,889981552.0,,,SERVICES,Waste Management,THE INITIATES PLC,Growth Board,2016-10-25T00:00:00,1995-03-03T00:00:00,www.initiatesgroup.com,www.initiatesgroup.com,3.48,0.0,18.7,,WASTE MANAGEMENT,"PLOT 400,LOCATION(NEW) ROAD, OFF ABA/PH EXPRESSWAY BY OYIGBO JUNCTION, UMUEBULE 5",084669510,,wms@initiatesgroup.com,,,,,61,21.7,2026-03-30T00:00:00,3.8,2025-04-07T00:00:00,TIP  ,",",,,,,,,,,,,
130,NGTHOMASWY07,THOMASWY,2.75,2.75,,,,,1089000000.0,396000000.0,,,NATURAL RESOURCES,Paper/Forest Products,THOMAS WYATT NIG. PLC.,Main Board,1978-10-26T00:00:00,1948-03-18T00:00:00,www.thomaswyattng.com,www.thomaswyattng.com,0.0,0.0,2.75,,"Manufacturing and Distribution of school exercise books, hard cover note books and pads, drawing books, envelopes, etc","10, Abebe Village Road, Iganmu, Lagos",09122591094,,corporate-services@thomaswyattng.com,,,,,125,3.97,2025-09-30T00:00:00,1.7,2025-07-01T00:00:00,THOMASWY [MRS] ,"[MRS],",,,,,,,,,,,
131,NGTOTAL00001,TOTAL,640.0,640.0,,,13391.0,7713216.0,217293975680.0,339521837.0,,,OIL AND GAS,Petroleum and Petroleum Produc,TOTALENERGIES MARKETING NIGERIA PLC,Main Board,,1956-01-06T00:00:00,www.servicestotalenergies.ng,www.servicestotalenergies.ng,0.0,0.0,640.0,,Marketing of Petroleum Products,"Total House 4 Churchgate Street, Victoria Island, Lagos",014631681,1396,info@totalenergies.com.ng,"Bunmi Popoola-Mordi, Mark Mannok",,,"Bunmi Popoola-Mordi, Jean-Phillipe Torres, Jeff Nnamani , Matthieu Got, Ms. Tejiro Ibru , Sebastien  Bariller",126,745.0,2025-04-07T00:00:00,,2025-11-11T00:00:00,TOTAL  ,",",,,,,,,,,,,
132,NGTRANSEXPR4,TRANSEXPR,3.12,3.12,,,421.0,1444.03,1554228240.24,498150077.0,,,SERVICES,Courier/Freight/Delivery,TRANS-NATIONWIDE EXPRESS PLC.,Main Board,1992-09-07T00:00:00,1984-03-28T00:00:00,www.tranex-ng.com,www.tranex-ng.com,0.0,0.0,3.12,,Courier and Associated Services,"PLOT 28, OSHODI / APAPA EXPRESSWAY, OSHODI, LAGOS","09095270137,08025697917,07046182356,0812368257309070360002",,finance@tranex-ng.com,,,,,128,3.12,2026-04-07T00:00:00,2.15,2025-06-10T00:00:00,TRANSEXPR  ,",",,,,,,,,,,,
133,NGTRANSHOTL1,TRANSCOHOT,203.0,203.0,,,32062.0,5990641.4,2079233267433.0,10242528411.0,,,SERVICES,Hotels/Lodging,TRANSCORP HOTELS PLC,Main Board,2015-01-15T00:00:00,1994-07-12T00:00:00,,,0.0,0.0,203.0,,HOSPITALITY AND TOURISM,,,,,Stanley Chikwendu,,,,129,203.0,2026-03-12T00:00:00,119.6,2025-06-13T00:00:00,TRANSCOHOT  ,",",,,,,,,,,,,
134,NGTRANSPOWE3,TRANSPOWER,306.9,306.9,,,10314.0,2849758.2,2301750000000.0,7500000000.0,,,UTILITIES,Electric Power Generation,TRANSCORP POWER PLC,Main Board,2024-03-04T00:00:00,2012-09-24T00:00:00,www.transcorppower.com,www.transcorppower.com,0.0,0.0,306.9,,Electric Power Generation,"38b Glover Road, Ikoyi Lagos",08023219335,,atinuke.kolade@transcorpgroup.com,Stanley Chikwendu,,,,130,342.0,2025-10-13T00:00:00,276.3,2025-12-12T00:00:00,TRANSPOWER  ,",",,,,,,,,,,,
135,NGTRANSCORP7,TRANSCORP,50.0,50.0,,,909236.0,43574242.9,508099878700.0,10161997574.0,2013.0,,CONGLOMERATES,Diversified Industries,TRANSNATIONAL CORPORATION PLC,Main Board,,2004-11-16T00:00:00,www.transcorpnigeria.com,www.transcorpnigeria.com,0.0,0.0,50.0,,"The investment in and operation of portfolio of companies in hospitality, energy, agriculture, oil and gas sectors","38, Glover Road (formerly 22B), Ikoyi, Lagos",019033946,,info@transcorpnigeria.com,,,,,127,55.05,2026-02-25T00:00:00,39.6,2025-11-11T00:00:00,TRANSCORP  ,",",,,,,,,,,,,
136,NGTRIPPLEG04,TRIPPLEG,4.26,4.26,,,35802.0,141463.07,4217008080.0,989908000.0,,,INDUSTRIAL GOODS,Packaging/Containers,TRIPPLE GEE AND COMPANY PLC.,Main Board,,1980-04-14T00:00:00,www.tripplegee.ng,www.tripplegee.ng,0.0,0.0,4.26,,"Printers of Security Documents, Financial Instruments, Computer Stationery, Self Adhesive Labels and Telephone Recharge Cards","9  KAREEM GIWA STREET, ABULE OSUN. LAGOS",08055190722,,contact@tripplegee.com,,,,,131,7.7,2026-01-28T00:00:00,1.79,2025-04-28T00:00:00,TRIPPLEG  ,",",,,,,,,,,,,
137,NGUACN000006,UACN,99.0,99.0,,,550746.0,55072439.4,289687033845.0,2926131655.0,,,CONGLOMERATES,Diversified Industries,U A C N  PLC.,Main Board,,1931-04-22T00:00:00,www.uacnplc.com,www.uacnplc.com,0.0,0.0,99.0,,"Packaged Foods, Quick Service Restaurants, Real Estate, Logistics and Paints","UAC House 1-5 Odunlami Street, Lagos",08035739791,0292002296E7G4H6E736,aywey@uacnplc.com,"Ayomipo Wey, Nkemdirim Agboti",KPMG Professional Services,,"Amina  Muhtar, Folasope Aiyesimoju , Funke  Ijaiya-Oladipo, karl Toriola  , Khalifa  Biobaku , Obi  James, suzanne Iroche  ",132,115.8,2026-03-05T00:00:00,26.6,2025-04-08T00:00:00,UACN  ,",",,,,,,,,,,,
138,NGUHOMREIT06,UHOMREIT,72.5,72.5,,,139171.0,10191623.5,18126434122.5,250019781.0,,,CONSTRUCTION/REAL ESTATE,Real Estate Investment Trusts,UH REAL ESTATE INVESTMENT TRUST,Real Estate Investment Trust & Close End Fund,2008-02-05T00:00:00,2009-02-03T00:00:00,www.uhreitng.com,www.uhreitng.com,0.0,0.0,72.5,,REAL ESTATE INVESTMENT ,"3rd Floor, Plot 290A Ajose Adeogun, Victoria Island, Nigeria.",012801400,,uhreit@sfsnigeria.com,,,,,136,94.85,2026-01-28T00:00:00,45.7,2025-05-26T00:00:00,UHOMREIT  ,",",,,,,,,,,,,
139,NGUNILEVER07,UNILEVER,103.4,103.4,,,592512.0,56327727.25,594033560117.8,5745005417.0,,,CONSUMER GOODS,Personal/Household Products,UNILEVER NIGERIA PLC.,Main Board,1973-04-01T00:00:00,1923-11-04T00:00:00,www.unilevernigeria.com,www.unilevernigeria.com,0.0,0.0,103.4,,"Manufacturing and Marketing of  consumer goods in the Foods & Refreshments, Home Care, and Beauty & Personal Care categories ",Lagos,+2347054329441,029200448B5I1F8B5I87,Peter.Dada@unilever.com,"Abidemi Ademola (Mrs), Afolasade Olowe, Peter Olaleye Dada",Forvis Mazars,,"Folake Ogundipe, Michael Ikpoki, Mr Chika Nwobi ",137,103.4,2026-04-02T00:00:00,34.65,2025-04-09T00:00:00,UNILEVER  ,",",,,,,,,,,,,
140,NGUNIONDICO1,UNIONDICON,14.4,14.4,,,43364.0,624144.7,3936182400.0,273346000.0,,,CONSUMER GOODS,Food Products,UNION DICON SALT PLC.,Main Board,1993-09-23T00:00:00,1991-11-12T00:00:00,www.uniondiconsaltplc.com,www.uniondiconsaltplc.com,0.0,0.0,14.4,,Processing of Crude Salt,"Kirikiri Lighter Terminal, Phase 2, Kirikiri, Lagos",08034917292,,info@uniondiconsaltplc.com,,,,,138,22.95,2026-02-16T00:00:00,5.9,2025-12-11T00:00:00,UNIONDICON [DWL] ,"[DWL],",,,,,,,,,,,
141,NGUBA0000001,UBA,45.0,45.0,46.4,45.05,33830867.0,1549067533.75,2010925976377.5,44196175305.0,,,FINANCIAL SERVICES,Banking,UNITED BANK FOR AFRICA PLC,Premium Board,1970-03-31T00:00:00,1961-02-23T00:00:00,www.ubagroup.com,www.ubagroup.com,1.11,0.5,45.5,,Commercial Banking,"57 Marina, Lagos",23416319822,23412808448,CFC@ubagroup.com,BILI ANDREW ODUM,Ernst &amp; Young,AFRICA PRUDENTIAL REGISTRARS,"AMB. JOE KESHI (OON) , Henrietta Ugboh, High Chief Samuel Oni, FCA , MR. TONY O. ELUMELU, CON , MRS. OWANARI DUKE ",134,51.0,2026-03-17T00:00:00,30.5,2025-04-14T00:00:00,UBA [MRF] ,"[MRF],",,45.5,,,,,,,,,
142,NGUCAP000004,UCAP,17.1,17.1,17.4,17.0,10850174.0,185885737.5,306000000000.0,18000000000.0,,,FINANCIAL SERVICES,Other Financial Institutions,UNITED CAPITAL PLC,Main Board,2013-01-13T00:00:00,2002-03-14T00:00:00,www.unitedcapitalplcgroup.com,www.unitedcapitalplcgroup.com,-0.58,-0.1,17.0,,"INVESTMENT BANKING, TRUSTEES, ASSET MANAGEMENT & STOCKBROKING","AFRILAND TOWERS, 95/107, BROAD STREET,, LAGOS",016317872,NIL,info@unitedcapitalplcgroup.com,,,,,135,22.0,2025-07-04T00:00:00,13.15,2025-04-08T00:00:00,UCAP  ,",",,,,,,,,,,,
143,NGUNITYBANK3,UNITYBNK,1.51,1.51,,,,,17650900292.42,11689337942.0,,,FINANCIAL SERVICES,Banking,UNITY BANK PLC,Main Board,,1987-04-27T00:00:00,www.unitybankng.com,www.unitybankng.com,0.0,0.0,1.51,,Commercial Banking,"Plot 42, Ahmed Onibudo Street, Victoria Island, Lagos",07080666030,,we_care@unitybankng.com,,,,,139,,2025-09-25T00:00:00,,2025-09-25T00:00:00,UNITYBNK [MRF] ,"[MRF],",,,,,,,,,,,
144,NGUNIVINSUR9,UNIVINSURE,1.1,1.1,1.21,1.11,11354408.0,13258226.2,19360000000.0,16000000000.0,,,FINANCIAL SERVICES,"""Insurance Carriers, Brokers a",UNIVERSAL INSURANCE PLC,Main Board,2009-11-02T00:00:00,1961-03-01T00:00:00,www.universalinsuranceplc.com,www.universalinsuranceplc.com,10.0,0.11,1.21,,General Insurance,"8, Gbagada Expressway, Anthony, Lagos",012934645,029200415C4Q72E8HC32,info@universalinsuranceplc.com,,,,,141,1.74,2026-02-05T00:00:00,0.45,2025-04-09T00:00:00,UNIVINSURE [MRF] ,"[MRF],",,,,,,,,,,,
145,NGUPL0000008,UPL,5.2,5.2,,,242160.0,1247866.95,2243329420.8,431409504.0,,,SERVICES,Printing/Publishing,UNIVERSITY PRESS PLC.,Main Board,1978-08-14T00:00:00,1978-08-14T00:00:00,www.universitypressplc.com,www.universitypressplc.com,0.0,0.0,5.2,,"Publishing, distribution and sales of books and educational materials ","Three Crowns Building, Jericho, Ibadan",+23428738896,,unipress@universitypressplc.com,,,,"JOSEPHINE DIETE-SPIFF, MR JOSEPH DAUDU",143,7.43,2025-08-13T00:00:00,3.1,2025-04-22T00:00:00,UPL  ,",",,,,,,,,,,,
146,NGUACPROP006,UPDC,4.2,4.2,4.5,4.2,3066544.0,13294581.15,83519864712.0,18559969936.0,,,CONSTRUCTION/REAL ESTATE,Real Estate Development,UPDC PLC,Main Board,,1997-10-06T00:00:00,www.updcplc.com,www.updcplc.com,7.14,0.3,4.5,,"Acquisition, development, sales and management of high quality, serviced, commercial and residential properties in the luxury, premium and classic segments of the real estate market","UAC House, 1st Floor, 1-5, OdunlamiStreet, Lagos",+2348060010707,,fkalaro@updcplc.com,Folake Kalaro,Deloitte &amp; Touche,,"Adeniyi Falade, Bidemi Fadayomi, Folasope Aiyesimoju, Odunayo Ojo, Oluwole  Oshin, Oyekunle OSilaja ",133,9.55,2025-08-12T00:00:00,2.68,2025-04-08T00:00:00,UPDC [BLS] ,"[BLS],",,,,,,,,,,,
147,NGUPDCREIT01,UPDCREIT,7.5,7.5,7.55,6.75,4392998.0,32357537.95,18010819125.0,2668269500.0,,,CONSTRUCTION/REAL ESTATE,Real Estate Investment Trusts,UPDC REAL ESTATE INVESTMENT TRUST,Real Estate Investment Trust & Close End Fund,2008-02-26T00:00:00,2013-03-27T00:00:00,,,-10.0,-0.75,6.75,,Real Estate Investment Trust,,,,,,,,,142,9.75,2026-01-19T00:00:00,5.5,2025-04-16T00:00:00,UPDCREIT  ,",",,,,,,,,,,,
148,NGUNITYKAP04,VERITASKAP,1.95,1.95,2.0,1.9,14589844.0,28675054.99,27594666665.34,13866666666.0,,,FINANCIAL SERVICES,"""Insurance Carriers, Brokers a",VERITAS KAPITAL ASSURANCE PLC,Main Board,,1973-08-08T00:00:00,www.veritaskapital.com,www.veritaskapital.com,2.05,0.04,1.99,,General (Non-life) Insurance,"Plot 497 Abogo Largema Street, Off Constitution Avenue,CBD,Abuja",094619900,094619901,info@veritaskapital.com,,,,"Adaobi Nwakuche, Babatunde Irukera",140,3.06,2025-08-14T00:00:00,0.86,2025-04-08T00:00:00,VERITASKAP  ,",",,,,,,,,,,,
149,NGVFDGROUP04,VFDGROUP,10.3,10.3,11.3,10.3,4160566.0,44273566.6,143153948300.0,12668491000.0,,,INVESTMENT,Diversified Industries,VFD GROUP PLC,Main Board,2023-10-06T00:00:00,2009-07-07T00:00:00,  www.vfdgroup.com,  www.vfdgroup.com,9.71,1.0,11.3,,Proprietary Investment Company,"8, MacGregor 	Road, Ikoyi, Lagos



",0802 363 2678,,Morenike.Ominike@vfdgroup.com,,"PricewaterhouseCoopers (PwC), Nigeria",,,145,19.0,2025-04-25T00:00:00,10.15,2025-12-16T00:00:00,VFDGROUP  ,",",,11.3,,,,,,,,,
150,NGVITAFOAM00,VITAFOAM,118.0,118.0,,,487661.0,52628920.1,177119519486.0,1501012877.0,,,CONSUMER GOODS,Household Durables,VITAFOAM NIG PLC.,Main Board,,1962-04-08T00:00:00,www.vitafoamng.com,www.vitafoamng.com,0.0,0.0,118.0,,"Manufacturing and Dsiribution of Flexible and Rigid Foam, Technial Foam Products and Fibre Products",140 Oba Akran Avenue Industrial Estate Ikeja,2805070 ,,info@vitafoamng.com,,,,"ADEMOLA  BOLARINDE, DAHIRU GAMBO, OLAOLUWA OGUNFEYITIMI",146,129.8,2026-02-17T00:00:00,28.46,2025-04-11T00:00:00,VITAFOAM  ,",",,,,,,,,,,,
151,NGWEMABANK07,WEMABANK,26.2,26.2,26.5,25.75,103297886.0,2687752725.05,1043090812764.0,40118877414.0,,,FINANCIAL SERVICES,Banking,WEMA BANK PLC.,Main Board,,1945-05-02T00:00:00,www.wemabank.com,www.wemabank.com,-0.76,-0.2,26.0,,Commercial Banking ,Wema Towers 54 Marina Lagos Island,08039003700,029200494H3E7D4H3E24,purpleconnect@wemabank.com,,,,,150,28.0,2026-02-16T00:00:00,10.45,2025-04-08T00:00:00,WEMABANK  ,",",,26.0,,,,,,,,,
152,NGZENITHBNK9,ZENITHBANK,103.0,103.0,109.85,104.15,60640550.0,6466546163.64,4476611470109.0,41069830001.0,,,FINANCIAL SERVICES,Banking,ZENITH BANK PLC,Premium Board,2004-10-21T00:00:00,1990-05-30T00:00:00,www.zenithbank.com | SWIFT:ZEIBNGLA,www.zenithbank.com | SWIFT:ZEIBNGLA,5.83,6.0,109.0,,Commercial Banking,"Zenith Heights, Plot 84/87, Ajose Adeogun Street, Victoria Island, Lagos State, Nigeria",012787000,,michael.otu@zenithbank.com,MICHAEL OSILAMA OTU ESQ,PRICEWATERHOUSECOOPERS,VERITAS REGISTRARS LIMITED,"Adamu Saliu Lawani, Dame (Dr) Adaora  Umeoji, OON, Dr. Adaora Umeoji , Dr. Al-Mujtaba Abubakar , Dr. Juliet  Ehimuan, Dr. Omobola Ibidapo-Obe Ogunfowora, Dr. Peter Olatunde Bamkole, Engr. Mustafa Bello , Louis Eziokwubundu Odom, Mr. Anthony Akindele  Ogunranti, Mr. Chuks Emma  Okoh, Mr. Henry Oroh , Mr. Jim Ovia , Mrs Adobi Stella Nwapa, Pamela Mimi Yough",151,113.3,2026-03-17T00:00:00,43.0,2025-06-17T00:00:00,ZENITHBANK  ,",",,,,,,,,,,,
153,NGZICHIS0009,ZICHIS,14.59,14.59,15.0,13.65,4169791.0,59895816.57,16788000000.0,1200000000.0,,,AGRICULTURE,Crop Production,ZICHIS AGRO ALLIED INDUSTRIES PLC,Growth Board,2026-01-20T00:00:00,2012-04-17T00:00:00,zichisagroallied.com.ng,zichisagroallied.com.ng,-4.11,-0.6,13.99,,Agriculture and Crop production,"3B, Swift Oil Avenue, Oke Owa Sawmill, Old Lagos/Ore expressway, Ijebu Illese, Ogun State",08055163959,00000,soitsedeesq@gmail.com,,,,,152,16.49,2026-03-31T00:00:00,1.0,2026-01-20T00:00:00,ZICHIS  ,",",,13.99,,,,,,,,,
